transaction_id,settlement_id,amount,settled_amount,currency,date,settlement_date,status,ground_truth_label
BANK-DEMO-FEE-0001,SET-DEMO-FEE-0001,1000.00,970.00,INR,2026-08-01,2026-08-03,SETTLED,gateway_fee
BANK-DEMO-REFUND-0001,SET-DEMO-REFUND-0001,1137.00,852.75,INR,2026-08-02,2026-08-04,SETTLED,refund
BANK-DEMO-AMBIG-0001,SET-DEMO-AMBIG-0001,1274.00,1235.78,INR,2026-08-03,2026-08-05,SETTLED,ambiguous
BANK-DEMO-UNKNOWN-0001,SET-DEMO-UNKNOWN-0001,1411.00,1333.23,INR,2026-08-04,2026-08-06,SETTLED,unknown_other
BANK-0005,SET-0005,1548.00,1548.00,INR,2026-08-05,2026-08-07,SETTLED,clean
BANK-0006,SET-0006,1685.00,1685.00,INR,2026-08-06,2026-08-08,SETTLED,clean
BANK-0007,SET-0007,1822.00,1822.00,INR,2026-08-07,2026-08-09,SETTLED,clean
BANK-0008,SET-0008,1959.00,1959.00,INR,2026-08-08,2026-08-10,SETTLED,clean
BANK-0009,SET-0009,2096.00,2096.00,INR,2026-08-09,2026-08-11,SETTLED,clean
BANK-0010,SET-0010,2233.00,2233.00,INR,2026-08-10,2026-08-12,SETTLED,clean
BANK-0011,SET-0011,2370.00,2370.00,INR,2026-08-11,2026-08-13,SETTLED,clean
BANK-0012,SET-0012,2507.00,2507.00,INR,2026-08-12,2026-08-14,SETTLED,clean
BANK-0013,SET-0013,2644.00,2644.00,INR,2026-08-13,2026-08-15,SETTLED,clean
BANK-0014,SET-0014,2781.00,2781.00,INR,2026-08-14,2026-08-16,SETTLED,clean
BANK-0015,SET-0015,2918.00,2918.00,INR,2026-08-15,2026-08-17,SETTLED,clean
BANK-0016,SET-0016,3055.00,3055.00,INR,2026-08-16,2026-08-18,SETTLED,clean
BANK-0017,SET-0017,3192.00,3192.00,INR,2026-08-17,2026-08-19,SETTLED,clean
BANK-0018,SET-0018,3329.00,3329.00,INR,2026-08-18,2026-08-20,SETTLED,clean
BANK-0019,SET-0019,3466.00,3466.00,INR,2026-08-19,2026-08-21,SETTLED,clean
BANK-0020,SET-0020,3603.00,3603.00,INR,2026-08-20,2026-08-22,SETTLED,clean
BANK-0021,SET-0021,3740.00,3740.00,INR,2026-08-21,2026-08-23,SETTLED,clean
BANK-0022,SET-0022,3877.00,3877.00,INR,2026-08-22,2026-08-24,SETTLED,clean
BANK-0023,SET-0023,4014.00,4014.00,INR,2026-08-23,2026-08-25,SETTLED,clean
BANK-0024,SET-0024,4151.00,4151.00,INR,2026-08-24,2026-08-26,SETTLED,clean
BANK-0025,SET-0025,4288.00,4288.00,INR,2026-08-25,2026-08-27,SETTLED,clean
BANK-0026,SET-0026,4425.00,4425.00,INR,2026-08-26,2026-08-28,SETTLED,clean
BANK-0027,SET-0027,4562.00,4562.00,INR,2026-08-27,2026-08-29,SETTLED,clean
BANK-0028,SET-0028,4699.00,4699.00,INR,2026-08-28,2026-08-30,SETTLED,clean
BANK-0029,SET-0029,4836.00,4836.00,INR,2026-08-29,2026-08-31,SETTLED,clean
BANK-0030,SET-0030,4973.00,4973.00,INR,2026-08-30,2026-09-01,SETTLED,clean
BANK-0031,SET-0031,5110.00,5110.00,INR,2026-08-31,2026-09-02,SETTLED,clean
BANK-0032,SET-0032,5247.00,5247.00,INR,2026-08-01,2026-08-03,SETTLED,clean
BANK-0033,SET-0033,5384.00,5384.00,INR,2026-08-02,2026-08-04,SETTLED,clean
BANK-0034,SET-0034,5521.00,5521.00,INR,2026-08-03,2026-08-05,SETTLED,clean
BANK-0035,SET-0035,5658.00,5658.00,INR,2026-08-04,2026-08-06,SETTLED,clean
BANK-0036,SET-0036,5795.00,5795.00,INR,2026-08-05,2026-08-07,SETTLED,clean
BANK-0037,SET-0037,5932.00,5932.00,INR,2026-08-06,2026-08-08,SETTLED,clean
BANK-0038,SET-0038,6069.00,6069.00,INR,2026-08-07,2026-08-09,SETTLED,clean
BANK-0039,SET-0039,6206.00,6206.00,INR,2026-08-08,2026-08-10,SETTLED,clean
BANK-0040,SET-0040,6343.00,6343.00,INR,2026-08-09,2026-08-11,SETTLED,clean
BANK-0041,SET-0041,6480.00,6480.00,INR,2026-08-10,2026-08-12,SETTLED,clean
BANK-0042,SET-0042,6617.00,6617.00,INR,2026-08-11,2026-08-13,SETTLED,clean
BANK-0043,SET-0043,6754.00,6754.00,INR,2026-08-12,2026-08-14,SETTLED,clean
BANK-0044,SET-0044,6891.00,6891.00,INR,2026-08-13,2026-08-15,SETTLED,clean
BANK-0045,SET-0045,7028.00,7028.00,INR,2026-08-14,2026-08-16,SETTLED,clean
BANK-0046,SET-0046,7165.00,7165.00,INR,2026-08-15,2026-08-17,SETTLED,clean
BANK-0047,SET-0047,7302.00,7302.00,INR,2026-08-16,2026-08-18,SETTLED,clean
BANK-0048,SET-0048,7439.00,7439.00,INR,2026-08-17,2026-08-19,SETTLED,clean
BANK-0049,SET-0049,7576.00,7576.00,INR,2026-08-18,2026-08-20,SETTLED,clean
BANK-0050,SET-0050,7713.00,7713.00,INR,2026-08-19,2026-08-21,SETTLED,clean
BANK-0051,SET-0051,7850.00,7850.00,INR,2026-08-20,2026-08-22,SETTLED,clean
BANK-0052,SET-0052,7987.00,7987.00,INR,2026-08-21,2026-08-23,SETTLED,clean
BANK-0053,SET-0053,8124.00,8124.00,INR,2026-08-22,2026-08-24,SETTLED,clean
BANK-0054,SET-0054,8261.00,8261.00,INR,2026-08-23,2026-08-25,SETTLED,clean
BANK-0055,SET-0055,8398.00,8398.00,INR,2026-08-24,2026-08-26,SETTLED,clean
BANK-0056,SET-0056,8535.00,8535.00,INR,2026-08-25,2026-08-27,SETTLED,clean
BANK-0057,SET-0057,8672.00,8672.00,INR,2026-08-26,2026-08-28,SETTLED,clean
BANK-0058,SET-0058,8809.00,8809.00,INR,2026-08-27,2026-08-29,SETTLED,clean
BANK-0059,SET-0059,8946.00,8946.00,INR,2026-08-28,2026-08-30,SETTLED,clean
BANK-0060,SET-0060,9083.00,9083.00,INR,2026-08-29,2026-08-31,SETTLED,clean
BANK-0061,SET-0061,9220.00,9220.00,INR,2026-08-30,2026-09-01,SETTLED,clean
BANK-0062,SET-0062,9357.00,9357.00,INR,2026-08-31,2026-09-02,SETTLED,clean
BANK-0063,SET-0063,9494.00,9494.00,INR,2026-08-01,2026-08-03,SETTLED,clean
BANK-0064,SET-0064,9631.00,9631.00,INR,2026-08-02,2026-08-04,SETTLED,clean
BANK-0065,SET-0065,9768.00,9768.00,INR,2026-08-03,2026-08-05,SETTLED,clean
BANK-0066,SET-0066,9905.00,9905.00,INR,2026-08-04,2026-08-06,SETTLED,clean
BANK-0067,SET-0067,10042.00,10042.00,INR,2026-08-05,2026-08-07,SETTLED,clean
BANK-0068,SET-0068,10179.00,10179.00,INR,2026-08-06,2026-08-08,SETTLED,clean
BANK-0069,SET-0069,10316.00,10316.00,INR,2026-08-07,2026-08-09,SETTLED,clean
BANK-0070,SET-0070,10453.00,10453.00,INR,2026-08-08,2026-08-10,SETTLED,clean
BANK-0071,SET-0071,10590.00,10590.00,INR,2026-08-09,2026-08-11,SETTLED,clean
BANK-0072,SET-0072,10727.00,10727.00,INR,2026-08-10,2026-08-12,SETTLED,clean
BANK-0073,SET-0073,10864.00,10864.00,INR,2026-08-11,2026-08-13,SETTLED,clean
BANK-0074,SET-0074,11001.00,11001.00,INR,2026-08-12,2026-08-14,SETTLED,clean
BANK-0075,SET-0075,11138.00,11138.00,INR,2026-08-13,2026-08-15,SETTLED,clean
BANK-0076,SET-0076,11275.00,11275.00,INR,2026-08-14,2026-08-16,SETTLED,clean
BANK-0077,SET-0077,11412.00,11412.00,INR,2026-08-15,2026-08-17,SETTLED,clean
BANK-0078,SET-0078,11549.00,11549.00,INR,2026-08-16,2026-08-18,SETTLED,clean
BANK-0079,SET-0079,11686.00,11686.00,INR,2026-08-17,2026-08-19,SETTLED,clean
BANK-0080,SET-0080,11823.00,11823.00,INR,2026-08-18,2026-08-20,SETTLED,clean
BANK-0081,SET-0081,11960.00,11960.00,INR,2026-08-19,2026-08-21,SETTLED,clean
BANK-0082,SET-0082,12097.00,12097.00,INR,2026-08-20,2026-08-22,SETTLED,clean
BANK-0083,SET-0083,12234.00,12234.00,INR,2026-08-21,2026-08-23,SETTLED,clean
BANK-0084,SET-0084,12371.00,12371.00,INR,2026-08-22,2026-08-24,SETTLED,clean
BANK-0085,SET-0085,12508.00,12508.00,INR,2026-08-23,2026-08-25,SETTLED,clean
BANK-0086,SET-0086,12645.00,12645.00,INR,2026-08-24,2026-08-26,SETTLED,clean
BANK-0087,SET-0087,12782.00,12782.00,INR,2026-08-25,2026-08-27,SETTLED,clean
BANK-0088,SET-0088,12919.00,12919.00,INR,2026-08-26,2026-08-28,SETTLED,clean
BANK-0089,SET-0089,13056.00,13056.00,INR,2026-08-27,2026-08-29,SETTLED,clean
BANK-0090,SET-0090,13193.00,13193.00,INR,2026-08-28,2026-08-30,SETTLED,clean
BANK-0091,SET-0091,13330.00,13330.00,INR,2026-08-29,2026-08-31,SETTLED,clean
BANK-0092,SET-0092,13467.00,13467.00,INR,2026-08-30,2026-09-01,SETTLED,clean
BANK-0093,SET-0093,13604.00,13604.00,INR,2026-08-31,2026-09-02,SETTLED,clean
BANK-0094,SET-0094,13741.00,13741.00,INR,2026-08-01,2026-08-03,SETTLED,clean
BANK-0095,SET-0095,13878.00,13878.00,INR,2026-08-02,2026-08-04,SETTLED,clean
BANK-0096,SET-0096,14015.00,14015.00,INR,2026-08-03,2026-08-05,SETTLED,clean
BANK-0097,SET-0097,14152.00,14152.00,INR,2026-08-04,2026-08-06,SETTLED,clean
BANK-0098,SET-0098,14289.00,14289.00,INR,2026-08-05,2026-08-07,SETTLED,clean
BANK-0099,SET-0099,14426.00,14426.00,INR,2026-08-06,2026-08-08,SETTLED,clean
BANK-0100,SET-0100,14563.00,14563.00,INR,2026-08-07,2026-08-09,SETTLED,clean
BANK-0101,SET-0101,14700.00,14700.00,INR,2026-08-08,2026-08-10,SETTLED,clean
BANK-0102,SET-0102,14837.00,14837.00,INR,2026-08-09,2026-08-11,SETTLED,clean
BANK-0103,SET-0103,14974.00,14974.00,INR,2026-08-10,2026-08-12,SETTLED,clean
BANK-0104,SET-0104,15111.00,15111.00,INR,2026-08-11,2026-08-13,SETTLED,clean
BANK-0105,SET-0105,15248.00,15248.00,INR,2026-08-12,2026-08-14,SETTLED,clean
BANK-0106,SET-0106,15385.00,15385.00,INR,2026-08-13,2026-08-15,SETTLED,clean
BANK-0107,SET-0107,15522.00,15522.00,INR,2026-08-14,2026-08-16,SETTLED,clean
BANK-0108,SET-0108,15659.00,15659.00,INR,2026-08-15,2026-08-17,SETTLED,clean
BANK-0109,SET-0109,15796.00,15796.00,INR,2026-08-16,2026-08-18,SETTLED,clean
BANK-0110,SET-0110,15933.00,15933.00,INR,2026-08-17,2026-08-19,SETTLED,clean
BANK-0111,SET-0111,16070.00,16070.00,INR,2026-08-18,2026-08-20,SETTLED,clean
BANK-0112,SET-0112,16207.00,16207.00,INR,2026-08-19,2026-08-21,SETTLED,clean
BANK-0113,SET-0113,16344.00,16344.00,INR,2026-08-20,2026-08-22,SETTLED,clean
BANK-0114,SET-0114,16481.00,16481.00,INR,2026-08-21,2026-08-23,SETTLED,clean
BANK-0115,SET-0115,16618.00,16618.00,INR,2026-08-22,2026-08-24,SETTLED,clean
BANK-0116,SET-0116,16755.00,16755.00,INR,2026-08-23,2026-08-25,SETTLED,clean
BANK-0117,SET-0117,16892.00,16892.00,INR,2026-08-24,2026-08-26,SETTLED,clean
BANK-0118,SET-0118,17029.00,17029.00,INR,2026-08-25,2026-08-27,SETTLED,clean
BANK-0119,SET-0119,17166.00,17166.00,INR,2026-08-26,2026-08-28,SETTLED,clean
BANK-0120,SET-0120,17303.00,17303.00,INR,2026-08-27,2026-08-29,SETTLED,clean
BANK-0121,SET-0121,17440.00,17440.00,INR,2026-08-28,2026-08-30,SETTLED,clean
BANK-0122,SET-0122,17577.00,17577.00,INR,2026-08-29,2026-08-31,SETTLED,clean
BANK-0123,SET-0123,17714.00,17714.00,INR,2026-08-30,2026-09-01,SETTLED,clean
BANK-0124,SET-0124,17851.00,17851.00,INR,2026-08-31,2026-09-02,SETTLED,clean
BANK-0125,SET-0125,17988.00,17988.00,INR,2026-08-01,2026-08-03,SETTLED,clean
BANK-0126,SET-0126,18125.00,18125.00,INR,2026-08-02,2026-08-04,SETTLED,clean
BANK-0127,SET-0127,18262.00,18262.00,INR,2026-08-03,2026-08-05,SETTLED,clean
BANK-0128,SET-0128,18399.00,18399.00,INR,2026-08-04,2026-08-06,SETTLED,clean
BANK-0129,SET-0129,18536.00,18536.00,INR,2026-08-05,2026-08-07,SETTLED,clean
BANK-0130,SET-0130,18673.00,18673.00,INR,2026-08-06,2026-08-08,SETTLED,clean
BANK-0131,SET-0131,18810.00,18810.00,INR,2026-08-07,2026-08-09,SETTLED,clean
BANK-0132,SET-0132,18947.00,18947.00,INR,2026-08-08,2026-08-10,SETTLED,clean
BANK-0133,SET-0133,19084.00,19084.00,INR,2026-08-09,2026-08-11,SETTLED,clean
BANK-0134,SET-0134,19221.00,19221.00,INR,2026-08-10,2026-08-12,SETTLED,clean
BANK-0135,SET-0135,19358.00,19358.00,INR,2026-08-11,2026-08-13,SETTLED,clean
BANK-0136,SET-0136,19495.00,19495.00,INR,2026-08-12,2026-08-14,SETTLED,clean
BANK-0137,SET-0137,19632.00,19632.00,INR,2026-08-13,2026-08-15,SETTLED,clean
BANK-0138,SET-0138,19769.00,19769.00,INR,2026-08-14,2026-08-16,SETTLED,clean
BANK-0139,SET-0139,19906.00,19906.00,INR,2026-08-15,2026-08-17,SETTLED,clean
BANK-0140,SET-0140,1043.00,1043.00,INR,2026-08-16,2026-08-18,SETTLED,clean
BANK-0141,SET-0141,1180.00,1180.00,INR,2026-08-17,2026-08-19,SETTLED,clean
BANK-0142,SET-0142,1317.00,1317.00,INR,2026-08-18,2026-08-20,SETTLED,clean
BANK-0143,SET-0143,1454.00,1454.00,INR,2026-08-19,2026-08-21,SETTLED,clean
BANK-0144,SET-0144,1591.00,1591.00,INR,2026-08-20,2026-08-22,SETTLED,clean
BANK-0145,SET-0145,1728.00,1728.00,INR,2026-08-21,2026-08-23,SETTLED,clean
BANK-0146,SET-0146,1865.00,1865.00,INR,2026-08-22,2026-08-24,SETTLED,clean
BANK-0147,SET-0147,2002.00,2002.00,INR,2026-08-23,2026-08-25,SETTLED,clean
BANK-0148,SET-0148,2139.00,2139.00,INR,2026-08-24,2026-08-26,SETTLED,clean
BANK-0149,SET-0149,2276.00,2276.00,INR,2026-08-25,2026-08-27,SETTLED,clean
BANK-0150,SET-0150,2413.00,2413.00,INR,2026-08-26,2026-08-28,SETTLED,clean
BANK-0151,SET-0151,2550.00,2550.00,INR,2026-08-27,2026-08-29,SETTLED,clean
BANK-0152,SET-0152,2687.00,2687.00,INR,2026-08-28,2026-08-30,SETTLED,clean
BANK-0153,SET-0153,2824.00,2824.00,INR,2026-08-29,2026-08-31,SETTLED,clean
BANK-0154,SET-0154,2961.00,2961.00,INR,2026-08-30,2026-09-01,SETTLED,clean
BANK-0155,SET-0155,3098.00,3098.00,INR,2026-08-31,2026-09-02,SETTLED,clean
BANK-0156,SET-0156,3235.00,3235.00,INR,2026-08-01,2026-08-03,SETTLED,clean
BANK-0157,SET-0157,3372.00,3372.00,INR,2026-08-02,2026-08-04,SETTLED,clean
BANK-0158,SET-0158,3509.00,3509.00,INR,2026-08-03,2026-08-05,SETTLED,clean
BANK-0159,SET-0159,3646.00,3646.00,INR,2026-08-04,2026-08-06,SETTLED,clean
BANK-0160,SET-0160,3783.00,3783.00,INR,2026-08-05,2026-08-07,SETTLED,clean
BANK-0161,SET-0161,3920.00,3920.00,INR,2026-08-06,2026-08-08,SETTLED,clean
BANK-0162,SET-0162,4057.00,4057.00,INR,2026-08-07,2026-08-09,SETTLED,clean
BANK-0163,SET-0163,4194.00,4194.00,INR,2026-08-08,2026-08-10,SETTLED,clean
BANK-0164,SET-0164,4331.00,4331.00,INR,2026-08-09,2026-08-11,SETTLED,clean
BANK-0165,SET-0165,4468.00,4468.00,INR,2026-08-10,2026-08-12,SETTLED,clean
BANK-0166,SET-0166,4605.00,4605.00,INR,2026-08-11,2026-08-13,SETTLED,clean
BANK-0167,SET-0167,4742.00,4742.00,INR,2026-08-12,2026-08-14,SETTLED,clean
BANK-0168,SET-0168,4879.00,4879.00,INR,2026-08-13,2026-08-15,SETTLED,clean
BANK-0169,SET-0169,5016.00,5016.00,INR,2026-08-14,2026-08-16,SETTLED,clean
BANK-0170,SET-0170,5153.00,5153.00,INR,2026-08-15,2026-08-17,SETTLED,clean
BANK-0171,SET-0171,5290.00,5290.00,INR,2026-08-16,2026-08-18,SETTLED,clean
BANK-0172,SET-0172,5427.00,5427.00,INR,2026-08-17,2026-08-19,SETTLED,clean
BANK-0173,SET-0173,5564.00,5564.00,INR,2026-08-18,2026-08-20,SETTLED,clean
BANK-0174,SET-0174,5701.00,5701.00,INR,2026-08-19,2026-08-21,SETTLED,clean
BANK-0175,SET-0175,5838.00,5838.00,INR,2026-08-20,2026-08-22,SETTLED,clean
BANK-0176,SET-0176,5975.00,5975.00,INR,2026-08-21,2026-08-23,SETTLED,clean
BANK-0177,SET-0177,6112.00,6112.00,INR,2026-08-22,2026-08-24,SETTLED,clean
BANK-0178,SET-0178,6249.00,6249.00,INR,2026-08-23,2026-08-25,SETTLED,clean
BANK-0179,SET-0179,6386.00,6386.00,INR,2026-08-24,2026-08-26,SETTLED,clean
BANK-0180,SET-0180,6523.00,6523.00,INR,2026-08-25,2026-08-27,SETTLED,clean
BANK-0181,SET-0181,6660.00,6660.00,INR,2026-08-26,2026-08-28,SETTLED,clean
BANK-0182,SET-0182,6797.00,6797.00,INR,2026-08-27,2026-08-29,SETTLED,clean
BANK-0183,SET-0183,6934.00,6934.00,INR,2026-08-28,2026-08-30,SETTLED,clean
BANK-0184,SET-0184,7071.00,7071.00,INR,2026-08-29,2026-08-31,SETTLED,clean
BANK-0185,SET-0185,7208.00,7208.00,INR,2026-08-30,2026-09-01,SETTLED,clean
BANK-0186,SET-0186,7345.00,7345.00,INR,2026-08-31,2026-09-02,SETTLED,clean
BANK-0187,SET-0187,7482.00,7482.00,INR,2026-08-01,2026-08-03,SETTLED,clean
BANK-0188,SET-0188,7619.00,7619.00,INR,2026-08-02,2026-08-04,SETTLED,clean
BANK-0189,SET-0189,7756.00,7756.00,INR,2026-08-03,2026-08-05,SETTLED,clean
BANK-0190,SET-0190,7893.00,7893.00,INR,2026-08-04,2026-08-06,SETTLED,clean
BANK-0191,SET-0191,8030.00,8030.00,INR,2026-08-05,2026-08-07,SETTLED,clean
BANK-0192,SET-0192,8167.00,8167.00,INR,2026-08-06,2026-08-08,SETTLED,clean
BANK-0193,SET-0193,8304.00,8304.00,INR,2026-08-07,2026-08-09,SETTLED,clean
BANK-0194,SET-0194,8441.00,8441.00,INR,2026-08-08,2026-08-10,SETTLED,clean
BANK-0195,SET-0195,8578.00,8578.00,INR,2026-08-09,2026-08-11,SETTLED,clean
BANK-0196,SET-0196,8715.00,8715.00,INR,2026-08-10,2026-08-12,SETTLED,clean
BANK-0197,SET-0197,8852.00,8852.00,INR,2026-08-11,2026-08-13,SETTLED,clean
BANK-0198,SET-0198,8989.00,8989.00,INR,2026-08-12,2026-08-14,SETTLED,clean
BANK-0199,SET-0199,9126.00,9126.00,INR,2026-08-13,2026-08-15,SETTLED,clean
BANK-0200,SET-0200,9263.00,9263.00,INR,2026-08-14,2026-08-16,SETTLED,clean
BANK-0201,SET-0201,9400.00,9400.00,INR,2026-08-15,2026-08-17,SETTLED,clean
BANK-0202,SET-0202,9537.00,9537.00,INR,2026-08-16,2026-08-18,SETTLED,clean
BANK-0203,SET-0203,9674.00,9674.00,INR,2026-08-17,2026-08-19,SETTLED,clean
BANK-0204,SET-0204,9811.00,9811.00,INR,2026-08-18,2026-08-20,SETTLED,clean
BANK-0205,SET-0205,9948.00,9948.00,INR,2026-08-19,2026-08-21,SETTLED,clean
BANK-0206,SET-0206,10085.00,10085.00,INR,2026-08-20,2026-08-22,SETTLED,clean
BANK-0207,SET-0207,10222.00,10222.00,INR,2026-08-21,2026-08-23,SETTLED,clean
BANK-0208,SET-0208,10359.00,10359.00,INR,2026-08-22,2026-08-24,SETTLED,clean
BANK-0209,SET-0209,10496.00,10496.00,INR,2026-08-23,2026-08-25,SETTLED,clean
BANK-0210,SET-0210,10633.00,10633.00,INR,2026-08-24,2026-08-26,SETTLED,clean
BANK-0211,SET-0211,10770.00,10770.00,INR,2026-08-25,2026-08-27,SETTLED,clean
BANK-0212,SET-0212,10907.00,10907.00,INR,2026-08-26,2026-08-28,SETTLED,clean
BANK-0213,SET-0213,11044.00,11044.00,INR,2026-08-27,2026-08-29,SETTLED,clean
BANK-0214,SET-0214,11181.00,11181.00,INR,2026-08-28,2026-08-30,SETTLED,clean
BANK-0215,SET-0215,11318.00,11318.00,INR,2026-08-29,2026-08-31,SETTLED,clean
BANK-0216,SET-0216,11455.00,11455.00,INR,2026-08-30,2026-09-01,SETTLED,clean
BANK-0217,SET-0217,11592.00,11592.00,INR,2026-08-31,2026-09-02,SETTLED,clean
BANK-0218,SET-0218,11729.00,11729.00,INR,2026-08-01,2026-08-03,SETTLED,clean
BANK-0219,SET-0219,11866.00,11866.00,INR,2026-08-02,2026-08-04,SETTLED,clean
BANK-0220,SET-0220,12003.00,12003.00,INR,2026-08-03,2026-08-05,SETTLED,clean
BANK-0221,SET-0221,12140.00,12140.00,INR,2026-08-04,2026-08-06,SETTLED,clean
BANK-0222,SET-0222,12277.00,12277.00,INR,2026-08-05,2026-08-07,SETTLED,clean
BANK-0223,SET-0223,12414.00,12414.00,INR,2026-08-06,2026-08-08,SETTLED,clean
BANK-0224,SET-0224,12551.00,12551.00,INR,2026-08-07,2026-08-09,SETTLED,clean
BANK-0225,SET-0225,12688.00,12688.00,INR,2026-08-08,2026-08-10,SETTLED,clean
BANK-0226,SET-0226,12825.00,12825.00,INR,2026-08-09,2026-08-11,SETTLED,clean
BANK-0227,SET-0227,12962.00,12962.00,INR,2026-08-10,2026-08-12,SETTLED,clean
BANK-0228,SET-0228,13099.00,13099.00,INR,2026-08-11,2026-08-13,SETTLED,clean
BANK-0229,SET-0229,13236.00,13236.00,INR,2026-08-12,2026-08-14,SETTLED,clean
BANK-0230,SET-0230,13373.00,13373.00,INR,2026-08-13,2026-08-15,SETTLED,clean
BANK-0231,SET-0231,13510.00,13510.00,INR,2026-08-14,2026-08-16,SETTLED,clean
BANK-0232,SET-0232,13647.00,13647.00,INR,2026-08-15,2026-08-17,SETTLED,clean
BANK-0233,SET-0233,13784.00,13784.00,INR,2026-08-16,2026-08-18,SETTLED,clean
BANK-0234,SET-0234,13921.00,13921.00,INR,2026-08-17,2026-08-19,SETTLED,clean
BANK-0235,SET-0235,14058.00,14058.00,INR,2026-08-18,2026-08-20,SETTLED,clean
BANK-0236,SET-0236,14195.00,14195.00,INR,2026-08-19,2026-08-21,SETTLED,clean
BANK-0237,SET-0237,14332.00,14332.00,INR,2026-08-20,2026-08-22,SETTLED,clean
BANK-0238,SET-0238,14469.00,14469.00,INR,2026-08-21,2026-08-23,SETTLED,clean
BANK-0239,SET-0239,14606.00,14606.00,INR,2026-08-22,2026-08-24,SETTLED,clean
BANK-0240,SET-0240,14743.00,14743.00,INR,2026-08-23,2026-08-25,SETTLED,clean
BANK-0241,SET-0241,14880.00,14880.00,INR,2026-08-24,2026-08-26,SETTLED,clean
BANK-0242,SET-0242,15017.00,15017.00,INR,2026-08-25,2026-08-27,SETTLED,clean
BANK-0243,SET-0243,15154.00,15154.00,INR,2026-08-26,2026-08-28,SETTLED,clean
BANK-0244,SET-0244,15291.00,15291.00,INR,2026-08-27,2026-08-29,SETTLED,clean
BANK-0245,SET-0245,15428.00,15428.00,INR,2026-08-28,2026-08-30,SETTLED,clean
BANK-0246,SET-0246,15565.00,15565.00,INR,2026-08-29,2026-08-31,SETTLED,clean
BANK-0247,SET-0247,15702.00,15702.00,INR,2026-08-30,2026-09-01,SETTLED,clean
BANK-0248,SET-0248,15839.00,15839.00,INR,2026-08-31,2026-09-02,SETTLED,clean
BANK-0249,SET-0249,15976.00,15976.00,INR,2026-08-01,2026-08-03,SETTLED,clean
BANK-0250,SET-0250,16113.00,16113.00,INR,2026-08-02,2026-08-04,SETTLED,clean
BANK-0251,SET-0251,16250.00,16250.00,INR,2026-08-03,2026-08-05,SETTLED,clean
BANK-0252,SET-0252,16387.00,16387.00,INR,2026-08-04,2026-08-06,SETTLED,clean
BANK-0253,SET-0253,16524.00,16524.00,INR,2026-08-05,2026-08-07,SETTLED,clean
BANK-0254,SET-0254,16661.00,16661.00,INR,2026-08-06,2026-08-08,SETTLED,clean
BANK-0255,SET-0255,16798.00,16798.00,INR,2026-08-07,2026-08-09,SETTLED,clean
BANK-0256,SET-0256,16935.00,16935.00,INR,2026-08-08,2026-08-10,SETTLED,clean
BANK-0257,SET-0257,17072.00,17072.00,INR,2026-08-09,2026-08-11,SETTLED,clean
BANK-0258,SET-0258,17209.00,17209.00,INR,2026-08-10,2026-08-12,SETTLED,clean
BANK-0259,SET-0259,17346.00,17346.00,INR,2026-08-11,2026-08-13,SETTLED,clean
BANK-0260,SET-0260,17483.00,17483.00,INR,2026-08-12,2026-08-14,SETTLED,clean
BANK-0261,SET-0261,17620.00,17620.00,INR,2026-08-13,2026-08-15,SETTLED,clean
BANK-0262,SET-0262,17757.00,17757.00,INR,2026-08-14,2026-08-16,SETTLED,clean
BANK-0263,SET-0263,17894.00,17894.00,INR,2026-08-15,2026-08-17,SETTLED,clean
BANK-0264,SET-0264,18031.00,18031.00,INR,2026-08-16,2026-08-18,SETTLED,clean
BANK-0265,SET-0265,18168.00,18168.00,INR,2026-08-17,2026-08-19,SETTLED,clean
BANK-0266,SET-0266,18305.00,18305.00,INR,2026-08-18,2026-08-20,SETTLED,clean
BANK-0267,SET-0267,18442.00,18442.00,INR,2026-08-19,2026-08-21,SETTLED,clean
BANK-0268,SET-0268,18579.00,18579.00,INR,2026-08-20,2026-08-22,SETTLED,clean
BANK-0269,SET-0269,18716.00,18716.00,INR,2026-08-21,2026-08-23,SETTLED,clean
BANK-0270,SET-0270,18853.00,18853.00,INR,2026-08-22,2026-08-24,SETTLED,clean
BANK-0271,SET-0271,18990.00,18990.00,INR,2026-08-23,2026-08-25,SETTLED,clean
BANK-0272,SET-0272,19127.00,19127.00,INR,2026-08-24,2026-08-26,SETTLED,clean
BANK-0273,SET-0273,19264.00,19264.00,INR,2026-08-25,2026-08-27,SETTLED,clean
BANK-0274,SET-0274,19401.00,19401.00,INR,2026-08-26,2026-08-28,SETTLED,clean
BANK-0275,SET-0275,19538.00,19538.00,INR,2026-08-27,2026-08-29,SETTLED,clean
BANK-0276,SET-0276,19675.00,19675.00,INR,2026-08-28,2026-08-30,SETTLED,clean
BANK-0277,SET-0277,19812.00,19812.00,INR,2026-08-29,2026-08-31,SETTLED,clean
BANK-0278,SET-0278,19949.00,19949.00,INR,2026-08-30,2026-09-01,SETTLED,clean
BANK-0279,SET-0279,1086.00,1086.00,INR,2026-08-31,2026-09-02,SETTLED,clean
BANK-0280,SET-0280,1223.00,1223.00,INR,2026-08-01,2026-08-03,SETTLED,clean
BANK-0281,SET-0281,1360.00,1360.00,INR,2026-08-02,2026-08-04,SETTLED,clean
BANK-0282,SET-0282,1497.00,1497.00,INR,2026-08-03,2026-08-05,SETTLED,clean
BANK-0283,SET-0283,1634.00,1634.00,INR,2026-08-04,2026-08-06,SETTLED,clean
BANK-0284,SET-0284,1771.00,1771.00,INR,2026-08-05,2026-08-07,SETTLED,clean
BANK-0285,SET-0285,1908.00,1908.00,INR,2026-08-06,2026-08-08,SETTLED,clean
BANK-0286,SET-0286,2045.00,2045.00,INR,2026-08-07,2026-08-09,SETTLED,clean
BANK-0287,SET-0287,2182.00,2182.00,INR,2026-08-08,2026-08-10,SETTLED,clean
BANK-0288,SET-0288,2319.00,2319.00,INR,2026-08-09,2026-08-11,SETTLED,clean
BANK-0289,SET-0289,2456.00,2456.00,INR,2026-08-10,2026-08-12,SETTLED,clean
BANK-0290,SET-0290,2593.00,2593.00,INR,2026-08-11,2026-08-13,SETTLED,clean
BANK-0291,SET-0291,2730.00,2730.00,INR,2026-08-12,2026-08-14,SETTLED,clean
BANK-0292,SET-0292,2867.00,2867.00,INR,2026-08-13,2026-08-15,SETTLED,clean
BANK-0293,SET-0293,3004.00,3004.00,INR,2026-08-14,2026-08-16,SETTLED,clean
BANK-0294,SET-0294,3141.00,3141.00,INR,2026-08-15,2026-08-17,SETTLED,clean
BANK-0295,SET-0295,3278.00,3278.00,INR,2026-08-16,2026-08-18,SETTLED,clean
BANK-0296,SET-0296,3415.00,3415.00,INR,2026-08-17,2026-08-19,SETTLED,clean
BANK-0297,SET-0297,3552.00,3552.00,INR,2026-08-18,2026-08-20,SETTLED,clean
BANK-0298,SET-0298,3689.00,3689.00,INR,2026-08-19,2026-08-21,SETTLED,clean
BANK-0299,SET-0299,3826.00,3826.00,INR,2026-08-20,2026-08-22,SETTLED,clean
BANK-0300,SET-0300,3963.00,3963.00,INR,2026-08-21,2026-08-23,SETTLED,clean
BANK-0301,SET-0301,4100.00,4100.00,INR,2026-08-22,2026-08-24,SETTLED,clean
BANK-0302,SET-0302,4237.00,4237.00,INR,2026-08-23,2026-08-25,SETTLED,clean
BANK-0303,SET-0303,4374.00,4374.00,INR,2026-08-24,2026-08-26,SETTLED,clean
BANK-0304,SET-0304,4511.00,4511.00,INR,2026-08-25,2026-08-27,SETTLED,clean
BANK-0305,SET-0305,4648.00,4648.00,INR,2026-08-26,2026-08-28,SETTLED,clean
BANK-0306,SET-0306,4785.00,4785.00,INR,2026-08-27,2026-08-29,SETTLED,clean
BANK-0307,SET-0307,4922.00,4922.00,INR,2026-08-28,2026-08-30,SETTLED,clean
BANK-0308,SET-0308,5059.00,5059.00,INR,2026-08-29,2026-08-31,SETTLED,clean
BANK-0309,SET-0309,5196.00,5196.00,INR,2026-08-30,2026-09-01,SETTLED,clean
BANK-0310,SET-0310,5333.00,5333.00,INR,2026-08-31,2026-09-02,SETTLED,clean
BANK-0311,SET-0311,5470.00,5470.00,INR,2026-08-01,2026-08-03,SETTLED,clean
BANK-0312,SET-0312,5607.00,5607.00,INR,2026-08-02,2026-08-04,SETTLED,clean
BANK-0313,SET-0313,5744.00,5744.00,INR,2026-08-03,2026-08-05,SETTLED,clean
BANK-0314,SET-0314,5881.00,5881.00,INR,2026-08-04,2026-08-06,SETTLED,clean
BANK-0315,SET-0315,6018.00,6018.00,INR,2026-08-05,2026-08-07,SETTLED,clean
BANK-0316,SET-0316,6155.00,6155.00,INR,2026-08-06,2026-08-08,SETTLED,clean
BANK-0317,SET-0317,6292.00,6292.00,INR,2026-08-07,2026-08-09,SETTLED,clean
BANK-0318,SET-0318,6429.00,6429.00,INR,2026-08-08,2026-08-10,SETTLED,clean
BANK-0319,SET-0319,6566.00,6566.00,INR,2026-08-09,2026-08-11,SETTLED,clean
BANK-0320,SET-0320,6703.00,6703.00,INR,2026-08-10,2026-08-12,SETTLED,clean
BANK-0321,SET-0321,6840.00,6840.00,INR,2026-08-11,2026-08-13,SETTLED,clean
BANK-0322,SET-0322,6977.00,6977.00,INR,2026-08-12,2026-08-14,SETTLED,clean
BANK-0323,SET-0323,7114.00,7114.00,INR,2026-08-13,2026-08-15,SETTLED,clean
BANK-0324,SET-0324,7251.00,7251.00,INR,2026-08-14,2026-08-16,SETTLED,clean
BANK-0325,SET-0325,7388.00,7388.00,INR,2026-08-15,2026-08-17,SETTLED,clean
BANK-0326,SET-0326,7525.00,7525.00,INR,2026-08-16,2026-08-18,SETTLED,clean
BANK-0327,SET-0327,7662.00,7662.00,INR,2026-08-17,2026-08-19,SETTLED,clean
BANK-0328,SET-0328,7799.00,7799.00,INR,2026-08-18,2026-08-20,SETTLED,clean
BANK-0329,SET-0329,7936.00,7936.00,INR,2026-08-19,2026-08-21,SETTLED,clean
BANK-0330,SET-0330,8073.00,8073.00,INR,2026-08-20,2026-08-22,SETTLED,clean
BANK-0331,SET-0331,8210.00,8210.00,INR,2026-08-21,2026-08-23,SETTLED,clean
BANK-0332,SET-0332,8347.00,8347.00,INR,2026-08-22,2026-08-24,SETTLED,clean
BANK-0333,SET-0333,8484.00,8484.00,INR,2026-08-23,2026-08-25,SETTLED,clean
BANK-0334,SET-0334,8621.00,8621.00,INR,2026-08-24,2026-08-26,SETTLED,clean
BANK-0335,SET-0335,8758.00,8758.00,INR,2026-08-25,2026-08-27,SETTLED,clean
BANK-0336,SET-0336,8895.00,8895.00,INR,2026-08-26,2026-08-28,SETTLED,clean
BANK-0337,SET-0337,9032.00,9032.00,INR,2026-08-27,2026-08-29,SETTLED,clean
BANK-0338,SET-0338,9169.00,9169.00,INR,2026-08-28,2026-08-30,SETTLED,clean
BANK-0339,SET-0339,9306.00,9306.00,INR,2026-08-29,2026-08-31,SETTLED,clean
BANK-0340,SET-0340,9443.00,9443.00,INR,2026-08-30,2026-09-01,SETTLED,clean
BANK-0341,SET-0341,9580.00,9580.00,INR,2026-08-31,2026-09-02,SETTLED,clean
BANK-0342,SET-0342,9717.00,9717.00,INR,2026-08-01,2026-08-03,SETTLED,clean
BANK-0343,SET-0343,9854.00,9854.00,INR,2026-08-02,2026-08-04,SETTLED,clean
BANK-0344,SET-0344,9991.00,9991.00,INR,2026-08-03,2026-08-05,SETTLED,clean
BANK-0345,SET-0345,10128.00,10128.00,INR,2026-08-04,2026-08-06,SETTLED,clean
BANK-0346,SET-0346,10265.00,10265.00,INR,2026-08-05,2026-08-07,SETTLED,clean
BANK-0347,SET-0347,10402.00,10402.00,INR,2026-08-06,2026-08-08,SETTLED,clean
BANK-0348,SET-0348,10539.00,10539.00,INR,2026-08-07,2026-08-09,SETTLED,clean
BANK-0349,SET-0349,10676.00,10676.00,INR,2026-08-08,2026-08-10,SETTLED,clean
BANK-0350,SET-0350,10813.00,10813.00,INR,2026-08-09,2026-08-11,SETTLED,clean
BANK-0351,SET-0351,10950.00,10950.00,INR,2026-08-10,2026-08-12,SETTLED,clean
BANK-0352,SET-0352,11087.00,11087.00,INR,2026-08-11,2026-08-13,SETTLED,clean
BANK-0353,SET-0353,11224.00,11224.00,INR,2026-08-12,2026-08-14,SETTLED,clean
BANK-0354,SET-0354,11361.00,11361.00,INR,2026-08-13,2026-08-15,SETTLED,clean
BANK-0355,SET-0355,11498.00,11498.00,INR,2026-08-14,2026-08-16,SETTLED,clean
BANK-0356,SET-0356,11635.00,11635.00,INR,2026-08-15,2026-08-17,SETTLED,clean
BANK-0357,SET-0357,11772.00,11772.00,INR,2026-08-16,2026-08-18,SETTLED,clean
BANK-0358,SET-0358,11909.00,11909.00,INR,2026-08-17,2026-08-19,SETTLED,clean
BANK-0359,SET-0359,12046.00,12046.00,INR,2026-08-18,2026-08-20,SETTLED,clean
BANK-0360,SET-0360,12183.00,12183.00,INR,2026-08-19,2026-08-21,SETTLED,clean
BANK-0361,SET-0361,12320.00,12320.00,INR,2026-08-20,2026-08-22,SETTLED,clean
BANK-0362,SET-0362,12457.00,12457.00,INR,2026-08-21,2026-08-23,SETTLED,clean
BANK-0363,SET-0363,12594.00,12594.00,INR,2026-08-22,2026-08-24,SETTLED,clean
BANK-0364,SET-0364,12731.00,12731.00,INR,2026-08-23,2026-08-25,SETTLED,clean
BANK-0365,SET-0365,12868.00,12868.00,INR,2026-08-24,2026-08-26,SETTLED,clean
BANK-0366,SET-0366,13005.00,13005.00,INR,2026-08-25,2026-08-27,SETTLED,clean
BANK-0367,SET-0367,13142.00,13142.00,INR,2026-08-26,2026-08-28,SETTLED,clean
BANK-0368,SET-0368,13279.00,13279.00,INR,2026-08-27,2026-08-29,SETTLED,clean
BANK-0369,SET-0369,13416.00,13416.00,INR,2026-08-28,2026-08-30,SETTLED,clean
BANK-0370,SET-0370,13553.00,13553.00,INR,2026-08-29,2026-08-31,SETTLED,clean
BANK-0371,SET-0371,13690.00,13690.00,INR,2026-08-30,2026-09-01,SETTLED,clean
BANK-0372,SET-0372,13827.00,13827.00,INR,2026-08-31,2026-09-02,SETTLED,clean
BANK-0373,SET-0373,13964.00,13964.00,INR,2026-08-01,2026-08-03,SETTLED,clean
BANK-0374,SET-0374,14101.00,14101.00,INR,2026-08-02,2026-08-04,SETTLED,clean
BANK-0375,SET-0375,14238.00,14238.00,INR,2026-08-03,2026-08-05,SETTLED,clean
BANK-0376,SET-0376,14375.00,14375.00,INR,2026-08-04,2026-08-06,SETTLED,clean
BANK-0377,SET-0377,14512.00,14512.00,INR,2026-08-05,2026-08-07,SETTLED,clean
BANK-0378,SET-0378,14649.00,14649.00,INR,2026-08-06,2026-08-08,SETTLED,clean
BANK-0379,SET-0379,14786.00,14786.00,INR,2026-08-07,2026-08-09,SETTLED,clean
BANK-0380,SET-0380,14923.00,14923.00,INR,2026-08-08,2026-08-10,SETTLED,clean
BANK-0381,SET-0381,15060.00,15060.00,INR,2026-08-09,2026-08-11,SETTLED,clean
BANK-0382,SET-0382,15197.00,15197.00,INR,2026-08-10,2026-08-12,SETTLED,clean
BANK-0383,SET-0383,15334.00,15334.00,INR,2026-08-11,2026-08-13,SETTLED,clean
BANK-0384,SET-0384,15471.00,15471.00,INR,2026-08-12,2026-08-14,SETTLED,clean
BANK-0385,SET-0385,15608.00,15608.00,INR,2026-08-13,2026-08-15,SETTLED,clean
BANK-0386,SET-0386,15745.00,15745.00,INR,2026-08-14,2026-08-16,SETTLED,clean
BANK-0387,SET-0387,15882.00,15882.00,INR,2026-08-15,2026-08-17,SETTLED,clean
BANK-0388,SET-0388,16019.00,16019.00,INR,2026-08-16,2026-08-18,SETTLED,clean
BANK-0389,SET-0389,16156.00,16156.00,INR,2026-08-17,2026-08-19,SETTLED,clean
BANK-0390,SET-0390,16293.00,16293.00,INR,2026-08-18,2026-08-20,SETTLED,clean
BANK-0391,SET-0391,16430.00,16430.00,INR,2026-08-19,2026-08-21,SETTLED,clean
BANK-0392,SET-0392,16567.00,16567.00,INR,2026-08-20,2026-08-22,SETTLED,clean
BANK-0393,SET-0393,16704.00,16704.00,INR,2026-08-21,2026-08-23,SETTLED,clean
BANK-0394,SET-0394,16841.00,16841.00,INR,2026-08-22,2026-08-24,SETTLED,clean
BANK-0395,SET-0395,16978.00,16978.00,INR,2026-08-23,2026-08-25,SETTLED,clean
BANK-0396,SET-0396,17115.00,17115.00,INR,2026-08-24,2026-08-26,SETTLED,clean
BANK-0397,SET-0397,17252.00,17252.00,INR,2026-08-25,2026-08-27,SETTLED,clean
BANK-0398,SET-0398,17389.00,17389.00,INR,2026-08-26,2026-08-28,SETTLED,clean
BANK-0399,SET-0399,17526.00,17526.00,INR,2026-08-27,2026-08-29,SETTLED,clean
BANK-0400,SET-0400,17663.00,17663.00,INR,2026-08-28,2026-08-30,SETTLED,clean
BANK-0401,SET-0401,17800.00,17800.00,INR,2026-08-29,2026-08-31,SETTLED,clean
BANK-0402,SET-0402,17937.00,17937.00,INR,2026-08-30,2026-09-01,SETTLED,clean
BANK-0403,SET-0403,18074.00,18074.00,INR,2026-08-31,2026-09-02,SETTLED,clean
BANK-0404,SET-0404,18211.00,18211.00,INR,2026-08-01,2026-08-03,SETTLED,clean
BANK-0405,SET-0405,18348.00,18348.00,INR,2026-08-02,2026-08-04,SETTLED,clean
BANK-0406,SET-0406,18485.00,18485.00,INR,2026-08-03,2026-08-05,SETTLED,clean
BANK-0407,SET-0407,18622.00,18622.00,INR,2026-08-04,2026-08-06,SETTLED,clean
BANK-0408,SET-0408,18759.00,18759.00,INR,2026-08-05,2026-08-07,SETTLED,clean
BANK-0409,SET-0409,18896.00,18896.00,INR,2026-08-06,2026-08-08,SETTLED,clean
BANK-0410,SET-0410,19033.00,19033.00,INR,2026-08-07,2026-08-09,SETTLED,clean
BANK-0411,SET-0411,19170.00,19170.00,INR,2026-08-08,2026-08-10,SETTLED,clean
BANK-0412,SET-0412,19307.00,19307.00,INR,2026-08-09,2026-08-11,SETTLED,clean
BANK-0413,SET-0413,19444.00,19444.00,INR,2026-08-10,2026-08-12,SETTLED,clean
BANK-0414,SET-0414,19581.00,19581.00,INR,2026-08-11,2026-08-13,SETTLED,clean
BANK-0415,SET-0415,19718.00,19718.00,INR,2026-08-12,2026-08-14,SETTLED,clean
BANK-0416,SET-0416,19855.00,19855.00,INR,2026-08-13,2026-08-15,SETTLED,clean
BANK-0417,SET-0417,19992.00,19992.00,INR,2026-08-14,2026-08-16,SETTLED,clean
BANK-0418,SET-0418,1129.00,1129.00,INR,2026-08-15,2026-08-17,SETTLED,clean
BANK-0419,SET-0419,1266.00,1266.00,INR,2026-08-16,2026-08-18,SETTLED,clean
BANK-0420,SET-0420,1403.00,1403.00,INR,2026-08-17,2026-08-19,SETTLED,clean
BANK-0421,SET-0421,1540.00,1540.00,INR,2026-08-18,2026-08-20,SETTLED,clean
BANK-0422,SET-0422,1677.00,1677.00,INR,2026-08-19,2026-08-21,SETTLED,clean
BANK-0423,SET-0423,1814.00,1814.00,INR,2026-08-20,2026-08-22,SETTLED,clean
BANK-0424,SET-0424,1951.00,1951.00,INR,2026-08-21,2026-08-23,SETTLED,clean
BANK-0425,SET-0425,2088.00,2088.00,INR,2026-08-22,2026-08-24,SETTLED,clean
BANK-0426,SET-0426,2225.00,2225.00,INR,2026-08-23,2026-08-25,SETTLED,clean
BANK-0427,SET-0427,2362.00,2362.00,INR,2026-08-24,2026-08-26,SETTLED,clean
BANK-0428,SET-0428,2499.00,2499.00,INR,2026-08-25,2026-08-27,SETTLED,clean
BANK-0429,SET-0429,2636.00,2636.00,INR,2026-08-26,2026-08-28,SETTLED,clean
BANK-0430,SET-0430,2773.00,2773.00,INR,2026-08-27,2026-08-29,SETTLED,clean
BANK-0431,SET-0431,2910.00,2910.00,INR,2026-08-28,2026-08-30,SETTLED,clean
BANK-0432,SET-0432,3047.00,3047.00,INR,2026-08-29,2026-08-31,SETTLED,clean
BANK-0433,SET-0433,3184.00,3184.00,INR,2026-08-30,2026-09-01,SETTLED,clean
BANK-0434,SET-0434,3321.00,3321.00,INR,2026-08-31,2026-09-02,SETTLED,clean
BANK-0435,SET-0435,3458.00,3458.00,INR,2026-08-01,2026-08-03,SETTLED,clean
BANK-0436,SET-0436,3595.00,3595.00,INR,2026-08-02,2026-08-04,SETTLED,clean
BANK-0437,SET-0437,3732.00,3732.00,INR,2026-08-03,2026-08-05,SETTLED,clean
BANK-0438,SET-0438,3869.00,3869.00,INR,2026-08-04,2026-08-06,SETTLED,clean
BANK-0439,SET-0439,4006.00,4006.00,INR,2026-08-05,2026-08-07,SETTLED,clean
BANK-0440,SET-0440,4143.00,4143.00,INR,2026-08-06,2026-08-08,SETTLED,clean
BANK-0441,SET-0441,4280.00,4280.00,INR,2026-08-07,2026-08-09,SETTLED,clean
BANK-0442,SET-0442,4417.00,4417.00,INR,2026-08-08,2026-08-10,SETTLED,clean
BANK-0443,SET-0443,4554.00,4554.00,INR,2026-08-09,2026-08-11,SETTLED,clean
BANK-0444,SET-0444,4691.00,4691.00,INR,2026-08-10,2026-08-12,SETTLED,clean
BANK-0445,SET-0445,4828.00,4828.00,INR,2026-08-11,2026-08-13,SETTLED,clean
BANK-0446,SET-0446,4965.00,4965.00,INR,2026-08-12,2026-08-14,SETTLED,clean
BANK-0447,SET-0447,5102.00,5102.00,INR,2026-08-13,2026-08-15,SETTLED,clean
BANK-0448,SET-0448,5239.00,5239.00,INR,2026-08-14,2026-08-16,SETTLED,clean
BANK-0449,SET-0449,5376.00,5376.00,INR,2026-08-15,2026-08-17,SETTLED,clean
BANK-0450,SET-0450,5513.00,5513.00,INR,2026-08-16,2026-08-18,SETTLED,clean
BANK-0451,SET-0451,5650.00,5650.00,INR,2026-08-17,2026-08-19,SETTLED,clean
BANK-0452,SET-0452,5787.00,5787.00,INR,2026-08-18,2026-08-20,SETTLED,clean
BANK-0453,SET-0453,5924.00,5924.00,INR,2026-08-19,2026-08-21,SETTLED,clean
BANK-0454,SET-0454,6061.00,6061.00,INR,2026-08-20,2026-08-22,SETTLED,clean
BANK-0455,SET-0455,6198.00,6198.00,INR,2026-08-21,2026-08-23,SETTLED,clean
BANK-0456,SET-0456,6335.00,6335.00,INR,2026-08-22,2026-08-24,SETTLED,clean
BANK-0457,SET-0457,6472.00,6472.00,INR,2026-08-23,2026-08-25,SETTLED,clean
BANK-0458,SET-0458,6609.00,6609.00,INR,2026-08-24,2026-08-26,SETTLED,clean
BANK-0459,SET-0459,6746.00,6746.00,INR,2026-08-25,2026-08-27,SETTLED,clean
BANK-0460,SET-0460,6883.00,6883.00,INR,2026-08-26,2026-08-28,SETTLED,clean
BANK-0461,SET-0461,7020.00,7020.00,INR,2026-08-27,2026-08-29,SETTLED,clean
BANK-0462,SET-0462,7157.00,7157.00,INR,2026-08-28,2026-08-30,SETTLED,clean
BANK-0463,SET-0463,7294.00,7294.00,INR,2026-08-29,2026-08-31,SETTLED,clean
BANK-0464,SET-0464,7431.00,7431.00,INR,2026-08-30,2026-09-01,SETTLED,clean
BANK-0465,SET-0465,7568.00,7568.00,INR,2026-08-31,2026-09-02,SETTLED,clean
BANK-0466,SET-0466,7705.00,7705.00,INR,2026-08-01,2026-08-03,SETTLED,clean
BANK-0467,SET-0467,7842.00,7842.00,INR,2026-08-02,2026-08-04,SETTLED,clean
BANK-0468,SET-0468,7979.00,7979.00,INR,2026-08-03,2026-08-05,SETTLED,clean
BANK-0469,SET-0469,8116.00,8116.00,INR,2026-08-04,2026-08-06,SETTLED,clean
BANK-0470,SET-0470,8253.00,8253.00,INR,2026-08-05,2026-08-07,SETTLED,clean
BANK-0471,SET-0471,8390.00,8390.00,INR,2026-08-06,2026-08-08,SETTLED,clean
BANK-0472,SET-0472,8527.00,8527.00,INR,2026-08-07,2026-08-09,SETTLED,clean
BANK-0473,SET-0473,8664.00,8664.00,INR,2026-08-08,2026-08-10,SETTLED,clean
BANK-0474,SET-0474,8801.00,8801.00,INR,2026-08-09,2026-08-11,SETTLED,clean
BANK-0475,SET-0475,8938.00,8938.00,INR,2026-08-10,2026-08-12,SETTLED,clean
BANK-0476,SET-0476,9075.00,9075.00,INR,2026-08-11,2026-08-13,SETTLED,clean
BANK-0477,SET-0477,9212.00,9212.00,INR,2026-08-12,2026-08-14,SETTLED,clean
BANK-0478,SET-0478,9349.00,9349.00,INR,2026-08-13,2026-08-15,SETTLED,clean
BANK-0479,SET-0479,9486.00,9486.00,INR,2026-08-14,2026-08-16,SETTLED,clean
BANK-0480,SET-0480,9623.00,9623.00,INR,2026-08-15,2026-08-17,SETTLED,clean
BANK-0481,SET-0481,9760.00,9760.00,INR,2026-08-16,2026-08-18,SETTLED,clean
BANK-0482,SET-0482,9897.00,9897.00,INR,2026-08-17,2026-08-19,SETTLED,clean
BANK-0483,SET-0483,10034.00,10034.00,INR,2026-08-18,2026-08-20,SETTLED,clean
BANK-0484,SET-0484,10171.00,10171.00,INR,2026-08-19,2026-08-21,SETTLED,clean
BANK-0485,SET-0485,10308.00,10308.00,INR,2026-08-20,2026-08-22,SETTLED,clean
BANK-0486,SET-0486,10445.00,10445.00,INR,2026-08-21,2026-08-23,SETTLED,clean
BANK-0487,SET-0487,10582.00,10582.00,INR,2026-08-22,2026-08-24,SETTLED,clean
BANK-0488,SET-0488,10719.00,10719.00,INR,2026-08-23,2026-08-25,SETTLED,clean
BANK-0489,SET-0489,10856.00,10856.00,INR,2026-08-24,2026-08-26,SETTLED,clean
BANK-0490,SET-0490,10993.00,10993.00,INR,2026-08-25,2026-08-27,SETTLED,clean
BANK-0491,SET-0491,11130.00,11130.00,INR,2026-08-26,2026-08-28,SETTLED,clean
BANK-0492,SET-0492,11267.00,11267.00,INR,2026-08-27,2026-08-29,SETTLED,clean
BANK-0493,SET-0493,11404.00,11404.00,INR,2026-08-28,2026-08-30,SETTLED,clean
BANK-0494,SET-0494,11541.00,11541.00,INR,2026-08-29,2026-08-31,SETTLED,clean
BANK-0495,SET-0495,11678.00,11678.00,INR,2026-08-30,2026-09-01,SETTLED,clean
BANK-0496,SET-0496,11815.00,11815.00,INR,2026-08-31,2026-09-02,SETTLED,clean
BANK-0497,SET-0497,11952.00,11952.00,INR,2026-08-01,2026-08-03,SETTLED,clean
BANK-0498,SET-0498,12089.00,12089.00,INR,2026-08-02,2026-08-04,SETTLED,clean
BANK-0499,SET-0499,12226.00,12226.00,INR,2026-08-03,2026-08-05,SETTLED,clean
BANK-0500,SET-0500,12363.00,12363.00,INR,2026-08-04,2026-08-06,SETTLED,clean
BANK-0501,SET-0501,12500.00,12500.00,INR,2026-08-05,2026-08-07,SETTLED,clean
BANK-0502,SET-0502,12637.00,12637.00,INR,2026-08-06,2026-08-08,SETTLED,clean
BANK-0503,SET-0503,12774.00,12774.00,INR,2026-08-07,2026-08-09,SETTLED,clean
BANK-0504,SET-0504,12911.00,12911.00,INR,2026-08-08,2026-08-10,SETTLED,clean
BANK-0505,SET-0505,13048.00,12656.56,INR,2026-08-09,2026-08-11,SETTLED,gateway_fee
BANK-0506,SET-0506,13185.00,9888.75,INR,2026-08-10,2026-08-12,SETTLED,refund
BANK-0508,SET-0508,13459.00,13055.23,INR,2026-08-12,2026-08-14,SETTLED,ambiguous
BANK-0509,SET-0509,13596.00,13518.23,INR,2026-08-13,2026-08-15,SETTLED,unknown_other
BANK-0510,SET-0510,13733.00,13321.01,INR,2026-08-14,2026-08-16,SETTLED,gateway_fee
BANK-0511,SET-0511,13870.00,10402.50,INR,2026-08-15,2026-08-17,SETTLED,refund
BANK-0513,SET-0513,14144.00,13719.68,INR,2026-08-17,2026-08-19,SETTLED,ambiguous
BANK-0514,SET-0514,14281.00,14203.23,INR,2026-08-18,2026-08-20,SETTLED,unknown_other
BANK-0515,SET-0515,14418.00,13985.46,INR,2026-08-19,2026-08-21,SETTLED,gateway_fee
BANK-0516,SET-0516,14555.00,10916.25,INR,2026-08-20,2026-08-22,SETTLED,refund
BANK-0518,SET-0518,14829.00,14384.13,INR,2026-08-22,2026-08-24,SETTLED,ambiguous
BANK-0519,SET-0519,14966.00,14888.23,INR,2026-08-23,2026-08-25,SETTLED,unknown_other
BANK-0520,SET-0520,15103.00,14649.91,INR,2026-08-24,2026-08-26,SETTLED,gateway_fee
BANK-0521,SET-0521,15240.00,11430.00,INR,2026-08-25,2026-08-27,SETTLED,refund
BANK-0523,SET-0523,15514.00,15048.58,INR,2026-08-27,2026-08-29,SETTLED,ambiguous
BANK-0524,SET-0524,15651.00,15573.23,INR,2026-08-28,2026-08-30,SETTLED,unknown_other
BANK-0525,SET-0525,15788.00,15314.36,INR,2026-08-29,2026-08-31,SETTLED,gateway_fee
BANK-0526,SET-0526,15925.00,11943.75,INR,2026-08-30,2026-09-01,SETTLED,refund
BANK-0528,SET-0528,16199.00,15713.03,INR,2026-08-01,2026-08-03,SETTLED,ambiguous
BANK-0529,SET-0529,16336.00,16258.23,INR,2026-08-02,2026-08-04,SETTLED,unknown_other
BANK-0530,SET-0530,16473.00,15978.81,INR,2026-08-03,2026-08-05,SETTLED,gateway_fee
BANK-0531,SET-0531,16610.00,12457.50,INR,2026-08-04,2026-08-06,SETTLED,refund
BANK-0533,SET-0533,16884.00,16377.48,INR,2026-08-06,2026-08-08,SETTLED,ambiguous
BANK-0534,SET-0534,17021.00,16943.23,INR,2026-08-07,2026-08-09,SETTLED,unknown_other
BANK-0535,SET-0535,17158.00,16643.26,INR,2026-08-08,2026-08-10,SETTLED,gateway_fee
BANK-0536,SET-0536,17295.00,12971.25,INR,2026-08-09,2026-08-11,SETTLED,refund
BANK-0538,SET-0538,17569.00,17041.93,INR,2026-08-11,2026-08-13,SETTLED,ambiguous
BANK-0539,SET-0539,17706.00,17628.23,INR,2026-08-12,2026-08-14,SETTLED,unknown_other
BANK-0540,SET-0540,17843.00,17307.71,INR,2026-08-13,2026-08-15,SETTLED,gateway_fee
BANK-0541,SET-0541,17980.00,13485.00,INR,2026-08-14,2026-08-16,SETTLED,refund
BANK-0543,SET-0543,18254.00,17706.38,INR,2026-08-16,2026-08-18,SETTLED,ambiguous
BANK-0544,SET-0544,18391.00,18313.23,INR,2026-08-17,2026-08-19,SETTLED,unknown_other
BANK-0545,SET-0545,18528.00,17972.16,INR,2026-08-18,2026-08-20,SETTLED,gateway_fee
BANK-0546,SET-0546,18665.00,13998.75,INR,2026-08-19,2026-08-21,SETTLED,refund
BANK-0548,SET-0548,18939.00,18370.83,INR,2026-08-21,2026-08-23,SETTLED,ambiguous
BANK-0549,SET-0549,19076.00,18998.23,INR,2026-08-22,2026-08-24,SETTLED,unknown_other
BANK-0550,SET-0550,19213.00,18636.61,INR,2026-08-23,2026-08-25,SETTLED,gateway_fee
BANK-0551,SET-0551,19350.00,14512.50,INR,2026-08-24,2026-08-26,SETTLED,refund
BANK-0553,SET-0553,19624.00,19035.28,INR,2026-08-26,2026-08-28,SETTLED,ambiguous
BANK-0554,SET-0554,19761.00,19683.23,INR,2026-08-27,2026-08-29,SETTLED,unknown_other
BANK-0555,SET-0555,19898.00,19301.06,INR,2026-08-28,2026-08-30,SETTLED,gateway_fee
BANK-0556,SET-0556,1035.00,776.25,INR,2026-08-29,2026-08-31,SETTLED,refund
BANK-0558,SET-0558,1309.00,1269.73,INR,2026-08-31,2026-09-02,SETTLED,ambiguous
BANK-0559,SET-0559,1446.00,1368.23,INR,2026-08-01,2026-08-03,SETTLED,unknown_other
BANK-0560,SET-0560,1583.00,1535.51,INR,2026-08-02,2026-08-04,SETTLED,gateway_fee
BANK-0561,SET-0561,1720.00,1290.00,INR,2026-08-03,2026-08-05,SETTLED,refund
BANK-0563,SET-0563,1994.00,1934.18,INR,2026-08-05,2026-08-07,SETTLED,ambiguous
BANK-0564,SET-0564,2131.00,2053.23,INR,2026-08-06,2026-08-08,SETTLED,unknown_other
BANK-0565,SET-0565,2268.00,2199.96,INR,2026-08-07,2026-08-09,SETTLED,gateway_fee
BANK-0566,SET-0566,2405.00,1803.75,INR,2026-08-08,2026-08-10,SETTLED,refund
BANK-0568,SET-0568,2679.00,2598.63,INR,2026-08-10,2026-08-12,SETTLED,ambiguous
BANK-0569,SET-0569,2816.00,2738.23,INR,2026-08-11,2026-08-13,SETTLED,unknown_other
BANK-0570,SET-0570,2953.00,2864.41,INR,2026-08-12,2026-08-14,SETTLED,gateway_fee
BANK-0571,SET-0571,3090.00,2317.50,INR,2026-08-13,2026-08-15,SETTLED,refund
BANK-0573,SET-0573,3364.00,3263.08,INR,2026-08-15,2026-08-17,SETTLED,ambiguous
BANK-0574,SET-0574,3501.00,3423.23,INR,2026-08-16,2026-08-18,SETTLED,unknown_other
BANK-0575,SET-0575,3638.00,3528.86,INR,2026-08-17,2026-08-19,SETTLED,gateway_fee
BANK-0576,SET-0576,3775.00,2831.25,INR,2026-08-18,2026-08-20,SETTLED,refund
BANK-0578,SET-0578,4049.00,3927.53,INR,2026-08-20,2026-08-22,SETTLED,ambiguous
BANK-0579,SET-0579,4186.00,4108.23,INR,2026-08-21,2026-08-23,SETTLED,unknown_other
BANK-0580,SET-0580,4323.00,4193.31,INR,2026-08-22,2026-08-24,SETTLED,gateway_fee
BANK-0581,SET-0581,4460.00,3345.00,INR,2026-08-23,2026-08-25,SETTLED,refund
BANK-0583,SET-0583,4734.00,4591.98,INR,2026-08-25,2026-08-27,SETTLED,ambiguous
BANK-0584,SET-0584,4871.00,4793.23,INR,2026-08-26,2026-08-28,SETTLED,unknown_other
BANK-0585,SET-0585,5008.00,4857.76,INR,2026-08-27,2026-08-29,SETTLED,gateway_fee
BANK-0586,SET-0586,5145.00,3858.75,INR,2026-08-28,2026-08-30,SETTLED,refund
BANK-0588,SET-0588,5419.00,5256.43,INR,2026-08-30,2026-09-01,SETTLED,ambiguous
BANK-0589,SET-0589,5556.00,5478.23,INR,2026-08-31,2026-09-02,SETTLED,unknown_other
BANK-0590,SET-0590,5693.00,5522.21,INR,2026-08-01,2026-08-03,SETTLED,gateway_fee
BANK-0591,SET-0591,5830.00,4372.50,INR,2026-08-02,2026-08-04,SETTLED,refund
BANK-0593,SET-0593,6104.00,5920.88,INR,2026-08-04,2026-08-06,SETTLED,ambiguous
BANK-0594,SET-0594,6241.00,6163.23,INR,2026-08-05,2026-08-07,SETTLED,unknown_other
BANK-0595,SET-0595,6378.00,6186.66,INR,2026-08-06,2026-08-08,SETTLED,gateway_fee
BANK-0596,SET-0596,6515.00,4886.25,INR,2026-08-07,2026-08-09,SETTLED,refund
BANK-0598,SET-0598,6789.00,6585.33,INR,2026-08-09,2026-08-11,SETTLED,ambiguous
BANK-0599,SET-0599,6926.00,6848.23,INR,2026-08-10,2026-08-12,SETTLED,unknown_other
BANK-0600,SET-0600,7063.00,6851.11,INR,2026-08-11,2026-08-13,SETTLED,gateway_fee
