transaction_id,invoice_id,amount,currency,date,status,fee,fee_rate,settlement_id,refund_amount,ground_truth_label
PAY-DEMO-FEE-0001,INV-DEMO-FEE-0001,1000.00,INR,2026-08-01,CAPTURED,30.00,0.03,SET-DEMO-FEE-0001,0.00,gateway_fee
PAY-DEMO-REFUND-0001,INV-DEMO-REFUND-0001,1137.00,INR,2026-08-02,CAPTURED,0.00,0.03,SET-DEMO-REFUND-0001,284.25,refund
PAY-DEMO-AMBIG-0001,INV-DEMO-AMBIG-0001,1274.00,INR,2026-08-03,CAPTURED,38.22,0.03,SET-DEMO-AMBIG-0001,38.22,ambiguous
PAY-DEMO-UNKNOWN-0001,INV-DEMO-UNKNOWN-0001,1411.00,INR,2026-08-04,CAPTURED,0.00,0.03,SET-DEMO-UNKNOWN-0001,0.00,unknown_other
PAY-0005,INV-0005,1548.00,INR,2026-08-05,CAPTURED,0.00,0.00,SET-0005,0.00,clean
PAY-0006,INV-0006,1685.00,INR,2026-08-06,CAPTURED,0.00,0.00,SET-0006,0.00,clean
PAY-0007,INV-0007,1822.00,INR,2026-08-07,CAPTURED,0.00,0.00,SET-0007,0.00,clean
PAY-0008,INV-0008,1959.00,INR,2026-08-08,CAPTURED,0.00,0.00,SET-0008,0.00,clean
PAY-0009,INV-0009,2096.00,INR,2026-08-09,CAPTURED,0.00,0.00,SET-0009,0.00,clean
PAY-0010,INV-0010,2233.00,INR,2026-08-10,CAPTURED,0.00,0.00,SET-0010,0.00,clean
PAY-0011,INV-0011,2370.00,INR,2026-08-11,CAPTURED,0.00,0.00,SET-0011,0.00,clean
PAY-0012,INV-0012,2507.00,INR,2026-08-12,CAPTURED,0.00,0.00,SET-0012,0.00,clean
PAY-0013,INV-0013,2644.00,INR,2026-08-13,CAPTURED,0.00,0.00,SET-0013,0.00,clean
PAY-0014,INV-0014,2781.00,INR,2026-08-14,CAPTURED,0.00,0.00,SET-0014,0.00,clean
PAY-0015,INV-0015,2918.00,INR,2026-08-15,CAPTURED,0.00,0.00,SET-0015,0.00,clean
PAY-0016,INV-0016,3055.00,INR,2026-08-16,CAPTURED,0.00,0.00,SET-0016,0.00,clean
PAY-0017,INV-0017,3192.00,INR,2026-08-17,CAPTURED,0.00,0.00,SET-0017,0.00,clean
PAY-0018,INV-0018,3329.00,INR,2026-08-18,CAPTURED,0.00,0.00,SET-0018,0.00,clean
PAY-0019,INV-0019,3466.00,INR,2026-08-19,CAPTURED,0.00,0.00,SET-0019,0.00,clean
PAY-0020,INV-0020,3603.00,INR,2026-08-20,CAPTURED,0.00,0.00,SET-0020,0.00,clean
PAY-0021,INV-0021,3740.00,INR,2026-08-21,CAPTURED,0.00,0.00,SET-0021,0.00,clean
PAY-0022,INV-0022,3877.00,INR,2026-08-22,CAPTURED,0.00,0.00,SET-0022,0.00,clean
PAY-0023,INV-0023,4014.00,INR,2026-08-23,CAPTURED,0.00,0.00,SET-0023,0.00,clean
PAY-0024,INV-0024,4151.00,INR,2026-08-24,CAPTURED,0.00,0.00,SET-0024,0.00,clean
PAY-0025,INV-0025,4288.00,INR,2026-08-25,CAPTURED,0.00,0.00,SET-0025,0.00,clean
PAY-0026,INV-0026,4425.00,INR,2026-08-26,CAPTURED,0.00,0.00,SET-0026,0.00,clean
PAY-0027,INV-0027,4562.00,INR,2026-08-27,CAPTURED,0.00,0.00,SET-0027,0.00,clean
PAY-0028,INV-0028,4699.00,INR,2026-08-28,CAPTURED,0.00,0.00,SET-0028,0.00,clean
PAY-0029,INV-0029,4836.00,INR,2026-08-29,CAPTURED,0.00,0.00,SET-0029,0.00,clean
PAY-0030,INV-0030,4973.00,INR,2026-08-30,CAPTURED,0.00,0.00,SET-0030,0.00,clean
PAY-0031,INV-0031,5110.00,INR,2026-08-31,CAPTURED,0.00,0.00,SET-0031,0.00,clean
PAY-0032,INV-0032,5247.00,INR,2026-08-01,CAPTURED,0.00,0.00,SET-0032,0.00,clean
PAY-0033,INV-0033,5384.00,INR,2026-08-02,CAPTURED,0.00,0.00,SET-0033,0.00,clean
PAY-0034,INV-0034,5521.00,INR,2026-08-03,CAPTURED,0.00,0.00,SET-0034,0.00,clean
PAY-0035,INV-0035,5658.00,INR,2026-08-04,CAPTURED,0.00,0.00,SET-0035,0.00,clean
PAY-0036,INV-0036,5795.00,INR,2026-08-05,CAPTURED,0.00,0.00,SET-0036,0.00,clean
PAY-0037,INV-0037,5932.00,INR,2026-08-06,CAPTURED,0.00,0.00,SET-0037,0.00,clean
PAY-0038,INV-0038,6069.00,INR,2026-08-07,CAPTURED,0.00,0.00,SET-0038,0.00,clean
PAY-0039,INV-0039,6206.00,INR,2026-08-08,CAPTURED,0.00,0.00,SET-0039,0.00,clean
PAY-0040,INV-0040,6343.00,INR,2026-08-09,CAPTURED,0.00,0.00,SET-0040,0.00,clean
PAY-0041,INV-0041,6480.00,INR,2026-08-10,CAPTURED,0.00,0.00,SET-0041,0.00,clean
PAY-0042,INV-0042,6617.00,INR,2026-08-11,CAPTURED,0.00,0.00,SET-0042,0.00,clean
PAY-0043,INV-0043,6754.00,INR,2026-08-12,CAPTURED,0.00,0.00,SET-0043,0.00,clean
PAY-0044,INV-0044,6891.00,INR,2026-08-13,CAPTURED,0.00,0.00,SET-0044,0.00,clean
PAY-0045,INV-0045,7028.00,INR,2026-08-14,CAPTURED,0.00,0.00,SET-0045,0.00,clean
PAY-0046,INV-0046,7165.00,INR,2026-08-15,CAPTURED,0.00,0.00,SET-0046,0.00,clean
PAY-0047,INV-0047,7302.00,INR,2026-08-16,CAPTURED,0.00,0.00,SET-0047,0.00,clean
PAY-0048,INV-0048,7439.00,INR,2026-08-17,CAPTURED,0.00,0.00,SET-0048,0.00,clean
PAY-0049,INV-0049,7576.00,INR,2026-08-18,CAPTURED,0.00,0.00,SET-0049,0.00,clean
PAY-0050,INV-0050,7713.00,INR,2026-08-19,CAPTURED,0.00,0.00,SET-0050,0.00,clean
PAY-0051,INV-0051,7850.00,INR,2026-08-20,CAPTURED,0.00,0.00,SET-0051,0.00,clean
PAY-0052,INV-0052,7987.00,INR,2026-08-21,CAPTURED,0.00,0.00,SET-0052,0.00,clean
PAY-0053,INV-0053,8124.00,INR,2026-08-22,CAPTURED,0.00,0.00,SET-0053,0.00,clean
PAY-0054,INV-0054,8261.00,INR,2026-08-23,CAPTURED,0.00,0.00,SET-0054,0.00,clean
PAY-0055,INV-0055,8398.00,INR,2026-08-24,CAPTURED,0.00,0.00,SET-0055,0.00,clean
PAY-0056,INV-0056,8535.00,INR,2026-08-25,CAPTURED,0.00,0.00,SET-0056,0.00,clean
PAY-0057,INV-0057,8672.00,INR,2026-08-26,CAPTURED,0.00,0.00,SET-0057,0.00,clean
PAY-0058,INV-0058,8809.00,INR,2026-08-27,CAPTURED,0.00,0.00,SET-0058,0.00,clean
PAY-0059,INV-0059,8946.00,INR,2026-08-28,CAPTURED,0.00,0.00,SET-0059,0.00,clean
PAY-0060,INV-0060,9083.00,INR,2026-08-29,CAPTURED,0.00,0.00,SET-0060,0.00,clean
PAY-0061,INV-0061,9220.00,INR,2026-08-30,CAPTURED,0.00,0.00,SET-0061,0.00,clean
PAY-0062,INV-0062,9357.00,INR,2026-08-31,CAPTURED,0.00,0.00,SET-0062,0.00,clean
PAY-0063,INV-0063,9494.00,INR,2026-08-01,CAPTURED,0.00,0.00,SET-0063,0.00,clean
PAY-0064,INV-0064,9631.00,INR,2026-08-02,CAPTURED,0.00,0.00,SET-0064,0.00,clean
PAY-0065,INV-0065,9768.00,INR,2026-08-03,CAPTURED,0.00,0.00,SET-0065,0.00,clean
PAY-0066,INV-0066,9905.00,INR,2026-08-04,CAPTURED,0.00,0.00,SET-0066,0.00,clean
PAY-0067,INV-0067,10042.00,INR,2026-08-05,CAPTURED,0.00,0.00,SET-0067,0.00,clean
PAY-0068,INV-0068,10179.00,INR,2026-08-06,CAPTURED,0.00,0.00,SET-0068,0.00,clean
PAY-0069,INV-0069,10316.00,INR,2026-08-07,CAPTURED,0.00,0.00,SET-0069,0.00,clean
PAY-0070,INV-0070,10453.00,INR,2026-08-08,CAPTURED,0.00,0.00,SET-0070,0.00,clean
PAY-0071,INV-0071,10590.00,INR,2026-08-09,CAPTURED,0.00,0.00,SET-0071,0.00,clean
PAY-0072,INV-0072,10727.00,INR,2026-08-10,CAPTURED,0.00,0.00,SET-0072,0.00,clean
PAY-0073,INV-0073,10864.00,INR,2026-08-11,CAPTURED,0.00,0.00,SET-0073,0.00,clean
PAY-0074,INV-0074,11001.00,INR,2026-08-12,CAPTURED,0.00,0.00,SET-0074,0.00,clean
PAY-0075,INV-0075,11138.00,INR,2026-08-13,CAPTURED,0.00,0.00,SET-0075,0.00,clean
PAY-0076,INV-0076,11275.00,INR,2026-08-14,CAPTURED,0.00,0.00,SET-0076,0.00,clean
PAY-0077,INV-0077,11412.00,INR,2026-08-15,CAPTURED,0.00,0.00,SET-0077,0.00,clean
PAY-0078,INV-0078,11549.00,INR,2026-08-16,CAPTURED,0.00,0.00,SET-0078,0.00,clean
PAY-0079,INV-0079,11686.00,INR,2026-08-17,CAPTURED,0.00,0.00,SET-0079,0.00,clean
PAY-0080,INV-0080,11823.00,INR,2026-08-18,CAPTURED,0.00,0.00,SET-0080,0.00,clean
PAY-0081,INV-0081,11960.00,INR,2026-08-19,CAPTURED,0.00,0.00,SET-0081,0.00,clean
PAY-0082,INV-0082,12097.00,INR,2026-08-20,CAPTURED,0.00,0.00,SET-0082,0.00,clean
PAY-0083,INV-0083,12234.00,INR,2026-08-21,CAPTURED,0.00,0.00,SET-0083,0.00,clean
PAY-0084,INV-0084,12371.00,INR,2026-08-22,CAPTURED,0.00,0.00,SET-0084,0.00,clean
PAY-0085,INV-0085,12508.00,INR,2026-08-23,CAPTURED,0.00,0.00,SET-0085,0.00,clean
PAY-0086,INV-0086,12645.00,INR,2026-08-24,CAPTURED,0.00,0.00,SET-0086,0.00,clean
PAY-0087,INV-0087,12782.00,INR,2026-08-25,CAPTURED,0.00,0.00,SET-0087,0.00,clean
PAY-0088,INV-0088,12919.00,INR,2026-08-26,CAPTURED,0.00,0.00,SET-0088,0.00,clean
PAY-0089,INV-0089,13056.00,INR,2026-08-27,CAPTURED,0.00,0.00,SET-0089,0.00,clean
PAY-0090,INV-0090,13193.00,INR,2026-08-28,CAPTURED,0.00,0.00,SET-0090,0.00,clean
PAY-0091,INV-0091,13330.00,INR,2026-08-29,CAPTURED,0.00,0.00,SET-0091,0.00,clean
PAY-0092,INV-0092,13467.00,INR,2026-08-30,CAPTURED,0.00,0.00,SET-0092,0.00,clean
PAY-0093,INV-0093,13604.00,INR,2026-08-31,CAPTURED,0.00,0.00,SET-0093,0.00,clean
PAY-0094,INV-0094,13741.00,INR,2026-08-01,CAPTURED,0.00,0.00,SET-0094,0.00,clean
PAY-0095,INV-0095,13878.00,INR,2026-08-02,CAPTURED,0.00,0.00,SET-0095,0.00,clean
PAY-0096,INV-0096,14015.00,INR,2026-08-03,CAPTURED,0.00,0.00,SET-0096,0.00,clean
PAY-0097,INV-0097,14152.00,INR,2026-08-04,CAPTURED,0.00,0.00,SET-0097,0.00,clean
PAY-0098,INV-0098,14289.00,INR,2026-08-05,CAPTURED,0.00,0.00,SET-0098,0.00,clean
PAY-0099,INV-0099,14426.00,INR,2026-08-06,CAPTURED,0.00,0.00,SET-0099,0.00,clean
PAY-0100,INV-0100,14563.00,INR,2026-08-07,CAPTURED,0.00,0.00,SET-0100,0.00,clean
PAY-0101,INV-0101,14700.00,INR,2026-08-08,CAPTURED,0.00,0.00,SET-0101,0.00,clean
PAY-0102,INV-0102,14837.00,INR,2026-08-09,CAPTURED,0.00,0.00,SET-0102,0.00,clean
PAY-0103,INV-0103,14974.00,INR,2026-08-10,CAPTURED,0.00,0.00,SET-0103,0.00,clean
PAY-0104,INV-0104,15111.00,INR,2026-08-11,CAPTURED,0.00,0.00,SET-0104,0.00,clean
PAY-0105,INV-0105,15248.00,INR,2026-08-12,CAPTURED,0.00,0.00,SET-0105,0.00,clean
PAY-0106,INV-0106,15385.00,INR,2026-08-13,CAPTURED,0.00,0.00,SET-0106,0.00,clean
PAY-0107,INV-0107,15522.00,INR,2026-08-14,CAPTURED,0.00,0.00,SET-0107,0.00,clean
PAY-0108,INV-0108,15659.00,INR,2026-08-15,CAPTURED,0.00,0.00,SET-0108,0.00,clean
PAY-0109,INV-0109,15796.00,INR,2026-08-16,CAPTURED,0.00,0.00,SET-0109,0.00,clean
PAY-0110,INV-0110,15933.00,INR,2026-08-17,CAPTURED,0.00,0.00,SET-0110,0.00,clean
PAY-0111,INV-0111,16070.00,INR,2026-08-18,CAPTURED,0.00,0.00,SET-0111,0.00,clean
PAY-0112,INV-0112,16207.00,INR,2026-08-19,CAPTURED,0.00,0.00,SET-0112,0.00,clean
PAY-0113,INV-0113,16344.00,INR,2026-08-20,CAPTURED,0.00,0.00,SET-0113,0.00,clean
PAY-0114,INV-0114,16481.00,INR,2026-08-21,CAPTURED,0.00,0.00,SET-0114,0.00,clean
PAY-0115,INV-0115,16618.00,INR,2026-08-22,CAPTURED,0.00,0.00,SET-0115,0.00,clean
PAY-0116,INV-0116,16755.00,INR,2026-08-23,CAPTURED,0.00,0.00,SET-0116,0.00,clean
PAY-0117,INV-0117,16892.00,INR,2026-08-24,CAPTURED,0.00,0.00,SET-0117,0.00,clean
PAY-0118,INV-0118,17029.00,INR,2026-08-25,CAPTURED,0.00,0.00,SET-0118,0.00,clean
PAY-0119,INV-0119,17166.00,INR,2026-08-26,CAPTURED,0.00,0.00,SET-0119,0.00,clean
PAY-0120,INV-0120,17303.00,INR,2026-08-27,CAPTURED,0.00,0.00,SET-0120,0.00,clean
PAY-0121,INV-0121,17440.00,INR,2026-08-28,CAPTURED,0.00,0.00,SET-0121,0.00,clean
PAY-0122,INV-0122,17577.00,INR,2026-08-29,CAPTURED,0.00,0.00,SET-0122,0.00,clean
PAY-0123,INV-0123,17714.00,INR,2026-08-30,CAPTURED,0.00,0.00,SET-0123,0.00,clean
PAY-0124,INV-0124,17851.00,INR,2026-08-31,CAPTURED,0.00,0.00,SET-0124,0.00,clean
PAY-0125,INV-0125,17988.00,INR,2026-08-01,CAPTURED,0.00,0.00,SET-0125,0.00,clean
PAY-0126,INV-0126,18125.00,INR,2026-08-02,CAPTURED,0.00,0.00,SET-0126,0.00,clean
PAY-0127,INV-0127,18262.00,INR,2026-08-03,CAPTURED,0.00,0.00,SET-0127,0.00,clean
PAY-0128,INV-0128,18399.00,INR,2026-08-04,CAPTURED,0.00,0.00,SET-0128,0.00,clean
PAY-0129,INV-0129,18536.00,INR,2026-08-05,CAPTURED,0.00,0.00,SET-0129,0.00,clean
PAY-0130,INV-0130,18673.00,INR,2026-08-06,CAPTURED,0.00,0.00,SET-0130,0.00,clean
PAY-0131,INV-0131,18810.00,INR,2026-08-07,CAPTURED,0.00,0.00,SET-0131,0.00,clean
PAY-0132,INV-0132,18947.00,INR,2026-08-08,CAPTURED,0.00,0.00,SET-0132,0.00,clean
PAY-0133,INV-0133,19084.00,INR,2026-08-09,CAPTURED,0.00,0.00,SET-0133,0.00,clean
PAY-0134,INV-0134,19221.00,INR,2026-08-10,CAPTURED,0.00,0.00,SET-0134,0.00,clean
PAY-0135,INV-0135,19358.00,INR,2026-08-11,CAPTURED,0.00,0.00,SET-0135,0.00,clean
PAY-0136,INV-0136,19495.00,INR,2026-08-12,CAPTURED,0.00,0.00,SET-0136,0.00,clean
PAY-0137,INV-0137,19632.00,INR,2026-08-13,CAPTURED,0.00,0.00,SET-0137,0.00,clean
PAY-0138,INV-0138,19769.00,INR,2026-08-14,CAPTURED,0.00,0.00,SET-0138,0.00,clean
PAY-0139,INV-0139,19906.00,INR,2026-08-15,CAPTURED,0.00,0.00,SET-0139,0.00,clean
PAY-0140,INV-0140,1043.00,INR,2026-08-16,CAPTURED,0.00,0.00,SET-0140,0.00,clean
PAY-0141,INV-0141,1180.00,INR,2026-08-17,CAPTURED,0.00,0.00,SET-0141,0.00,clean
PAY-0142,INV-0142,1317.00,INR,2026-08-18,CAPTURED,0.00,0.00,SET-0142,0.00,clean
PAY-0143,INV-0143,1454.00,INR,2026-08-19,CAPTURED,0.00,0.00,SET-0143,0.00,clean
PAY-0144,INV-0144,1591.00,INR,2026-08-20,CAPTURED,0.00,0.00,SET-0144,0.00,clean
PAY-0145,INV-0145,1728.00,INR,2026-08-21,CAPTURED,0.00,0.00,SET-0145,0.00,clean
PAY-0146,INV-0146,1865.00,INR,2026-08-22,CAPTURED,0.00,0.00,SET-0146,0.00,clean
PAY-0147,INV-0147,2002.00,INR,2026-08-23,CAPTURED,0.00,0.00,SET-0147,0.00,clean
PAY-0148,INV-0148,2139.00,INR,2026-08-24,CAPTURED,0.00,0.00,SET-0148,0.00,clean
PAY-0149,INV-0149,2276.00,INR,2026-08-25,CAPTURED,0.00,0.00,SET-0149,0.00,clean
PAY-0150,INV-0150,2413.00,INR,2026-08-26,CAPTURED,0.00,0.00,SET-0150,0.00,clean
PAY-0151,INV-0151,2550.00,INR,2026-08-27,CAPTURED,0.00,0.00,SET-0151,0.00,clean
PAY-0152,INV-0152,2687.00,INR,2026-08-28,CAPTURED,0.00,0.00,SET-0152,0.00,clean
PAY-0153,INV-0153,2824.00,INR,2026-08-29,CAPTURED,0.00,0.00,SET-0153,0.00,clean
PAY-0154,INV-0154,2961.00,INR,2026-08-30,CAPTURED,0.00,0.00,SET-0154,0.00,clean
PAY-0155,INV-0155,3098.00,INR,2026-08-31,CAPTURED,0.00,0.00,SET-0155,0.00,clean
PAY-0156,INV-0156,3235.00,INR,2026-08-01,CAPTURED,0.00,0.00,SET-0156,0.00,clean
PAY-0157,INV-0157,3372.00,INR,2026-08-02,CAPTURED,0.00,0.00,SET-0157,0.00,clean
PAY-0158,INV-0158,3509.00,INR,2026-08-03,CAPTURED,0.00,0.00,SET-0158,0.00,clean
PAY-0159,INV-0159,3646.00,INR,2026-08-04,CAPTURED,0.00,0.00,SET-0159,0.00,clean
PAY-0160,INV-0160,3783.00,INR,2026-08-05,CAPTURED,0.00,0.00,SET-0160,0.00,clean
PAY-0161,INV-0161,3920.00,INR,2026-08-06,CAPTURED,0.00,0.00,SET-0161,0.00,clean
PAY-0162,INV-0162,4057.00,INR,2026-08-07,CAPTURED,0.00,0.00,SET-0162,0.00,clean
PAY-0163,INV-0163,4194.00,INR,2026-08-08,CAPTURED,0.00,0.00,SET-0163,0.00,clean
PAY-0164,INV-0164,4331.00,INR,2026-08-09,CAPTURED,0.00,0.00,SET-0164,0.00,clean
PAY-0165,INV-0165,4468.00,INR,2026-08-10,CAPTURED,0.00,0.00,SET-0165,0.00,clean
PAY-0166,INV-0166,4605.00,INR,2026-08-11,CAPTURED,0.00,0.00,SET-0166,0.00,clean
PAY-0167,INV-0167,4742.00,INR,2026-08-12,CAPTURED,0.00,0.00,SET-0167,0.00,clean
PAY-0168,INV-0168,4879.00,INR,2026-08-13,CAPTURED,0.00,0.00,SET-0168,0.00,clean
PAY-0169,INV-0169,5016.00,INR,2026-08-14,CAPTURED,0.00,0.00,SET-0169,0.00,clean
PAY-0170,INV-0170,5153.00,INR,2026-08-15,CAPTURED,0.00,0.00,SET-0170,0.00,clean
PAY-0171,INV-0171,5290.00,INR,2026-08-16,CAPTURED,0.00,0.00,SET-0171,0.00,clean
PAY-0172,INV-0172,5427.00,INR,2026-08-17,CAPTURED,0.00,0.00,SET-0172,0.00,clean
PAY-0173,INV-0173,5564.00,INR,2026-08-18,CAPTURED,0.00,0.00,SET-0173,0.00,clean
PAY-0174,INV-0174,5701.00,INR,2026-08-19,CAPTURED,0.00,0.00,SET-0174,0.00,clean
PAY-0175,INV-0175,5838.00,INR,2026-08-20,CAPTURED,0.00,0.00,SET-0175,0.00,clean
PAY-0176,INV-0176,5975.00,INR,2026-08-21,CAPTURED,0.00,0.00,SET-0176,0.00,clean
PAY-0177,INV-0177,6112.00,INR,2026-08-22,CAPTURED,0.00,0.00,SET-0177,0.00,clean
PAY-0178,INV-0178,6249.00,INR,2026-08-23,CAPTURED,0.00,0.00,SET-0178,0.00,clean
PAY-0179,INV-0179,6386.00,INR,2026-08-24,CAPTURED,0.00,0.00,SET-0179,0.00,clean
PAY-0180,INV-0180,6523.00,INR,2026-08-25,CAPTURED,0.00,0.00,SET-0180,0.00,clean
PAY-0181,INV-0181,6660.00,INR,2026-08-26,CAPTURED,0.00,0.00,SET-0181,0.00,clean
PAY-0182,INV-0182,6797.00,INR,2026-08-27,CAPTURED,0.00,0.00,SET-0182,0.00,clean
PAY-0183,INV-0183,6934.00,INR,2026-08-28,CAPTURED,0.00,0.00,SET-0183,0.00,clean
PAY-0184,INV-0184,7071.00,INR,2026-08-29,CAPTURED,0.00,0.00,SET-0184,0.00,clean
PAY-0185,INV-0185,7208.00,INR,2026-08-30,CAPTURED,0.00,0.00,SET-0185,0.00,clean
PAY-0186,INV-0186,7345.00,INR,2026-08-31,CAPTURED,0.00,0.00,SET-0186,0.00,clean
PAY-0187,INV-0187,7482.00,INR,2026-08-01,CAPTURED,0.00,0.00,SET-0187,0.00,clean
PAY-0188,INV-0188,7619.00,INR,2026-08-02,CAPTURED,0.00,0.00,SET-0188,0.00,clean
PAY-0189,INV-0189,7756.00,INR,2026-08-03,CAPTURED,0.00,0.00,SET-0189,0.00,clean
PAY-0190,INV-0190,7893.00,INR,2026-08-04,CAPTURED,0.00,0.00,SET-0190,0.00,clean
PAY-0191,INV-0191,8030.00,INR,2026-08-05,CAPTURED,0.00,0.00,SET-0191,0.00,clean
PAY-0192,INV-0192,8167.00,INR,2026-08-06,CAPTURED,0.00,0.00,SET-0192,0.00,clean
PAY-0193,INV-0193,8304.00,INR,2026-08-07,CAPTURED,0.00,0.00,SET-0193,0.00,clean
PAY-0194,INV-0194,8441.00,INR,2026-08-08,CAPTURED,0.00,0.00,SET-0194,0.00,clean
PAY-0195,INV-0195,8578.00,INR,2026-08-09,CAPTURED,0.00,0.00,SET-0195,0.00,clean
PAY-0196,INV-0196,8715.00,INR,2026-08-10,CAPTURED,0.00,0.00,SET-0196,0.00,clean
PAY-0197,INV-0197,8852.00,INR,2026-08-11,CAPTURED,0.00,0.00,SET-0197,0.00,clean
PAY-0198,INV-0198,8989.00,INR,2026-08-12,CAPTURED,0.00,0.00,SET-0198,0.00,clean
PAY-0199,INV-0199,9126.00,INR,2026-08-13,CAPTURED,0.00,0.00,SET-0199,0.00,clean
PAY-0200,INV-0200,9263.00,INR,2026-08-14,CAPTURED,0.00,0.00,SET-0200,0.00,clean
PAY-0201,INV-0201,9400.00,INR,2026-08-15,CAPTURED,0.00,0.00,SET-0201,0.00,clean
PAY-0202,INV-0202,9537.00,INR,2026-08-16,CAPTURED,0.00,0.00,SET-0202,0.00,clean
PAY-0203,INV-0203,9674.00,INR,2026-08-17,CAPTURED,0.00,0.00,SET-0203,0.00,clean
PAY-0204,INV-0204,9811.00,INR,2026-08-18,CAPTURED,0.00,0.00,SET-0204,0.00,clean
PAY-0205,INV-0205,9948.00,INR,2026-08-19,CAPTURED,0.00,0.00,SET-0205,0.00,clean
PAY-0206,INV-0206,10085.00,INR,2026-08-20,CAPTURED,0.00,0.00,SET-0206,0.00,clean
PAY-0207,INV-0207,10222.00,INR,2026-08-21,CAPTURED,0.00,0.00,SET-0207,0.00,clean
PAY-0208,INV-0208,10359.00,INR,2026-08-22,CAPTURED,0.00,0.00,SET-0208,0.00,clean
PAY-0209,INV-0209,10496.00,INR,2026-08-23,CAPTURED,0.00,0.00,SET-0209,0.00,clean
PAY-0210,INV-0210,10633.00,INR,2026-08-24,CAPTURED,0.00,0.00,SET-0210,0.00,clean
PAY-0211,INV-0211,10770.00,INR,2026-08-25,CAPTURED,0.00,0.00,SET-0211,0.00,clean
PAY-0212,INV-0212,10907.00,INR,2026-08-26,CAPTURED,0.00,0.00,SET-0212,0.00,clean
PAY-0213,INV-0213,11044.00,INR,2026-08-27,CAPTURED,0.00,0.00,SET-0213,0.00,clean
PAY-0214,INV-0214,11181.00,INR,2026-08-28,CAPTURED,0.00,0.00,SET-0214,0.00,clean
PAY-0215,INV-0215,11318.00,INR,2026-08-29,CAPTURED,0.00,0.00,SET-0215,0.00,clean
PAY-0216,INV-0216,11455.00,INR,2026-08-30,CAPTURED,0.00,0.00,SET-0216,0.00,clean
PAY-0217,INV-0217,11592.00,INR,2026-08-31,CAPTURED,0.00,0.00,SET-0217,0.00,clean
PAY-0218,INV-0218,11729.00,INR,2026-08-01,CAPTURED,0.00,0.00,SET-0218,0.00,clean
PAY-0219,INV-0219,11866.00,INR,2026-08-02,CAPTURED,0.00,0.00,SET-0219,0.00,clean
PAY-0220,INV-0220,12003.00,INR,2026-08-03,CAPTURED,0.00,0.00,SET-0220,0.00,clean
PAY-0221,INV-0221,12140.00,INR,2026-08-04,CAPTURED,0.00,0.00,SET-0221,0.00,clean
PAY-0222,INV-0222,12277.00,INR,2026-08-05,CAPTURED,0.00,0.00,SET-0222,0.00,clean
PAY-0223,INV-0223,12414.00,INR,2026-08-06,CAPTURED,0.00,0.00,SET-0223,0.00,clean
PAY-0224,INV-0224,12551.00,INR,2026-08-07,CAPTURED,0.00,0.00,SET-0224,0.00,clean
PAY-0225,INV-0225,12688.00,INR,2026-08-08,CAPTURED,0.00,0.00,SET-0225,0.00,clean
PAY-0226,INV-0226,12825.00,INR,2026-08-09,CAPTURED,0.00,0.00,SET-0226,0.00,clean
PAY-0227,INV-0227,12962.00,INR,2026-08-10,CAPTURED,0.00,0.00,SET-0227,0.00,clean
PAY-0228,INV-0228,13099.00,INR,2026-08-11,CAPTURED,0.00,0.00,SET-0228,0.00,clean
PAY-0229,INV-0229,13236.00,INR,2026-08-12,CAPTURED,0.00,0.00,SET-0229,0.00,clean
PAY-0230,INV-0230,13373.00,INR,2026-08-13,CAPTURED,0.00,0.00,SET-0230,0.00,clean
PAY-0231,INV-0231,13510.00,INR,2026-08-14,CAPTURED,0.00,0.00,SET-0231,0.00,clean
PAY-0232,INV-0232,13647.00,INR,2026-08-15,CAPTURED,0.00,0.00,SET-0232,0.00,clean
PAY-0233,INV-0233,13784.00,INR,2026-08-16,CAPTURED,0.00,0.00,SET-0233,0.00,clean
PAY-0234,INV-0234,13921.00,INR,2026-08-17,CAPTURED,0.00,0.00,SET-0234,0.00,clean
PAY-0235,INV-0235,14058.00,INR,2026-08-18,CAPTURED,0.00,0.00,SET-0235,0.00,clean
PAY-0236,INV-0236,14195.00,INR,2026-08-19,CAPTURED,0.00,0.00,SET-0236,0.00,clean
PAY-0237,INV-0237,14332.00,INR,2026-08-20,CAPTURED,0.00,0.00,SET-0237,0.00,clean
PAY-0238,INV-0238,14469.00,INR,2026-08-21,CAPTURED,0.00,0.00,SET-0238,0.00,clean
PAY-0239,INV-0239,14606.00,INR,2026-08-22,CAPTURED,0.00,0.00,SET-0239,0.00,clean
PAY-0240,INV-0240,14743.00,INR,2026-08-23,CAPTURED,0.00,0.00,SET-0240,0.00,clean
PAY-0241,INV-0241,14880.00,INR,2026-08-24,CAPTURED,0.00,0.00,SET-0241,0.00,clean
PAY-0242,INV-0242,15017.00,INR,2026-08-25,CAPTURED,0.00,0.00,SET-0242,0.00,clean
PAY-0243,INV-0243,15154.00,INR,2026-08-26,CAPTURED,0.00,0.00,SET-0243,0.00,clean
PAY-0244,INV-0244,15291.00,INR,2026-08-27,CAPTURED,0.00,0.00,SET-0244,0.00,clean
PAY-0245,INV-0245,15428.00,INR,2026-08-28,CAPTURED,0.00,0.00,SET-0245,0.00,clean
PAY-0246,INV-0246,15565.00,INR,2026-08-29,CAPTURED,0.00,0.00,SET-0246,0.00,clean
PAY-0247,INV-0247,15702.00,INR,2026-08-30,CAPTURED,0.00,0.00,SET-0247,0.00,clean
PAY-0248,INV-0248,15839.00,INR,2026-08-31,CAPTURED,0.00,0.00,SET-0248,0.00,clean
PAY-0249,INV-0249,15976.00,INR,2026-08-01,CAPTURED,0.00,0.00,SET-0249,0.00,clean
PAY-0250,INV-0250,16113.00,INR,2026-08-02,CAPTURED,0.00,0.00,SET-0250,0.00,clean
PAY-0251,INV-0251,16250.00,INR,2026-08-03,CAPTURED,0.00,0.00,SET-0251,0.00,clean
PAY-0252,INV-0252,16387.00,INR,2026-08-04,CAPTURED,0.00,0.00,SET-0252,0.00,clean
PAY-0253,INV-0253,16524.00,INR,2026-08-05,CAPTURED,0.00,0.00,SET-0253,0.00,clean
PAY-0254,INV-0254,16661.00,INR,2026-08-06,CAPTURED,0.00,0.00,SET-0254,0.00,clean
PAY-0255,INV-0255,16798.00,INR,2026-08-07,CAPTURED,0.00,0.00,SET-0255,0.00,clean
PAY-0256,INV-0256,16935.00,INR,2026-08-08,CAPTURED,0.00,0.00,SET-0256,0.00,clean
PAY-0257,INV-0257,17072.00,INR,2026-08-09,CAPTURED,0.00,0.00,SET-0257,0.00,clean
PAY-0258,INV-0258,17209.00,INR,2026-08-10,CAPTURED,0.00,0.00,SET-0258,0.00,clean
PAY-0259,INV-0259,17346.00,INR,2026-08-11,CAPTURED,0.00,0.00,SET-0259,0.00,clean
PAY-0260,INV-0260,17483.00,INR,2026-08-12,CAPTURED,0.00,0.00,SET-0260,0.00,clean
PAY-0261,INV-0261,17620.00,INR,2026-08-13,CAPTURED,0.00,0.00,SET-0261,0.00,clean
PAY-0262,INV-0262,17757.00,INR,2026-08-14,CAPTURED,0.00,0.00,SET-0262,0.00,clean
PAY-0263,INV-0263,17894.00,INR,2026-08-15,CAPTURED,0.00,0.00,SET-0263,0.00,clean
PAY-0264,INV-0264,18031.00,INR,2026-08-16,CAPTURED,0.00,0.00,SET-0264,0.00,clean
PAY-0265,INV-0265,18168.00,INR,2026-08-17,CAPTURED,0.00,0.00,SET-0265,0.00,clean
PAY-0266,INV-0266,18305.00,INR,2026-08-18,CAPTURED,0.00,0.00,SET-0266,0.00,clean
PAY-0267,INV-0267,18442.00,INR,2026-08-19,CAPTURED,0.00,0.00,SET-0267,0.00,clean
PAY-0268,INV-0268,18579.00,INR,2026-08-20,CAPTURED,0.00,0.00,SET-0268,0.00,clean
PAY-0269,INV-0269,18716.00,INR,2026-08-21,CAPTURED,0.00,0.00,SET-0269,0.00,clean
PAY-0270,INV-0270,18853.00,INR,2026-08-22,CAPTURED,0.00,0.00,SET-0270,0.00,clean
PAY-0271,INV-0271,18990.00,INR,2026-08-23,CAPTURED,0.00,0.00,SET-0271,0.00,clean
PAY-0272,INV-0272,19127.00,INR,2026-08-24,CAPTURED,0.00,0.00,SET-0272,0.00,clean
PAY-0273,INV-0273,19264.00,INR,2026-08-25,CAPTURED,0.00,0.00,SET-0273,0.00,clean
PAY-0274,INV-0274,19401.00,INR,2026-08-26,CAPTURED,0.00,0.00,SET-0274,0.00,clean
PAY-0275,INV-0275,19538.00,INR,2026-08-27,CAPTURED,0.00,0.00,SET-0275,0.00,clean
PAY-0276,INV-0276,19675.00,INR,2026-08-28,CAPTURED,0.00,0.00,SET-0276,0.00,clean
PAY-0277,INV-0277,19812.00,INR,2026-08-29,CAPTURED,0.00,0.00,SET-0277,0.00,clean
PAY-0278,INV-0278,19949.00,INR,2026-08-30,CAPTURED,0.00,0.00,SET-0278,0.00,clean
PAY-0279,INV-0279,1086.00,INR,2026-08-31,CAPTURED,0.00,0.00,SET-0279,0.00,clean
PAY-0280,INV-0280,1223.00,INR,2026-08-01,CAPTURED,0.00,0.00,SET-0280,0.00,clean
PAY-0281,INV-0281,1360.00,INR,2026-08-02,CAPTURED,0.00,0.00,SET-0281,0.00,clean
PAY-0282,INV-0282,1497.00,INR,2026-08-03,CAPTURED,0.00,0.00,SET-0282,0.00,clean
PAY-0283,INV-0283,1634.00,INR,2026-08-04,CAPTURED,0.00,0.00,SET-0283,0.00,clean
PAY-0284,INV-0284,1771.00,INR,2026-08-05,CAPTURED,0.00,0.00,SET-0284,0.00,clean
PAY-0285,INV-0285,1908.00,INR,2026-08-06,CAPTURED,0.00,0.00,SET-0285,0.00,clean
PAY-0286,INV-0286,2045.00,INR,2026-08-07,CAPTURED,0.00,0.00,SET-0286,0.00,clean
PAY-0287,INV-0287,2182.00,INR,2026-08-08,CAPTURED,0.00,0.00,SET-0287,0.00,clean
PAY-0288,INV-0288,2319.00,INR,2026-08-09,CAPTURED,0.00,0.00,SET-0288,0.00,clean
PAY-0289,INV-0289,2456.00,INR,2026-08-10,CAPTURED,0.00,0.00,SET-0289,0.00,clean
PAY-0290,INV-0290,2593.00,INR,2026-08-11,CAPTURED,0.00,0.00,SET-0290,0.00,clean
PAY-0291,INV-0291,2730.00,INR,2026-08-12,CAPTURED,0.00,0.00,SET-0291,0.00,clean
PAY-0292,INV-0292,2867.00,INR,2026-08-13,CAPTURED,0.00,0.00,SET-0292,0.00,clean
PAY-0293,INV-0293,3004.00,INR,2026-08-14,CAPTURED,0.00,0.00,SET-0293,0.00,clean
PAY-0294,INV-0294,3141.00,INR,2026-08-15,CAPTURED,0.00,0.00,SET-0294,0.00,clean
PAY-0295,INV-0295,3278.00,INR,2026-08-16,CAPTURED,0.00,0.00,SET-0295,0.00,clean
PAY-0296,INV-0296,3415.00,INR,2026-08-17,CAPTURED,0.00,0.00,SET-0296,0.00,clean
PAY-0297,INV-0297,3552.00,INR,2026-08-18,CAPTURED,0.00,0.00,SET-0297,0.00,clean
PAY-0298,INV-0298,3689.00,INR,2026-08-19,CAPTURED,0.00,0.00,SET-0298,0.00,clean
PAY-0299,INV-0299,3826.00,INR,2026-08-20,CAPTURED,0.00,0.00,SET-0299,0.00,clean
PAY-0300,INV-0300,3963.00,INR,2026-08-21,CAPTURED,0.00,0.00,SET-0300,0.00,clean
PAY-0301,INV-0301,4100.00,INR,2026-08-22,CAPTURED,0.00,0.00,SET-0301,0.00,clean
PAY-0302,INV-0302,4237.00,INR,2026-08-23,CAPTURED,0.00,0.00,SET-0302,0.00,clean
PAY-0303,INV-0303,4374.00,INR,2026-08-24,CAPTURED,0.00,0.00,SET-0303,0.00,clean
PAY-0304,INV-0304,4511.00,INR,2026-08-25,CAPTURED,0.00,0.00,SET-0304,0.00,clean
PAY-0305,INV-0305,4648.00,INR,2026-08-26,CAPTURED,0.00,0.00,SET-0305,0.00,clean
PAY-0306,INV-0306,4785.00,INR,2026-08-27,CAPTURED,0.00,0.00,SET-0306,0.00,clean
PAY-0307,INV-0307,4922.00,INR,2026-08-28,CAPTURED,0.00,0.00,SET-0307,0.00,clean
PAY-0308,INV-0308,5059.00,INR,2026-08-29,CAPTURED,0.00,0.00,SET-0308,0.00,clean
PAY-0309,INV-0309,5196.00,INR,2026-08-30,CAPTURED,0.00,0.00,SET-0309,0.00,clean
PAY-0310,INV-0310,5333.00,INR,2026-08-31,CAPTURED,0.00,0.00,SET-0310,0.00,clean
PAY-0311,INV-0311,5470.00,INR,2026-08-01,CAPTURED,0.00,0.00,SET-0311,0.00,clean
PAY-0312,INV-0312,5607.00,INR,2026-08-02,CAPTURED,0.00,0.00,SET-0312,0.00,clean
PAY-0313,INV-0313,5744.00,INR,2026-08-03,CAPTURED,0.00,0.00,SET-0313,0.00,clean
PAY-0314,INV-0314,5881.00,INR,2026-08-04,CAPTURED,0.00,0.00,SET-0314,0.00,clean
PAY-0315,INV-0315,6018.00,INR,2026-08-05,CAPTURED,0.00,0.00,SET-0315,0.00,clean
PAY-0316,INV-0316,6155.00,INR,2026-08-06,CAPTURED,0.00,0.00,SET-0316,0.00,clean
PAY-0317,INV-0317,6292.00,INR,2026-08-07,CAPTURED,0.00,0.00,SET-0317,0.00,clean
PAY-0318,INV-0318,6429.00,INR,2026-08-08,CAPTURED,0.00,0.00,SET-0318,0.00,clean
PAY-0319,INV-0319,6566.00,INR,2026-08-09,CAPTURED,0.00,0.00,SET-0319,0.00,clean
PAY-0320,INV-0320,6703.00,INR,2026-08-10,CAPTURED,0.00,0.00,SET-0320,0.00,clean
PAY-0321,INV-0321,6840.00,INR,2026-08-11,CAPTURED,0.00,0.00,SET-0321,0.00,clean
PAY-0322,INV-0322,6977.00,INR,2026-08-12,CAPTURED,0.00,0.00,SET-0322,0.00,clean
PAY-0323,INV-0323,7114.00,INR,2026-08-13,CAPTURED,0.00,0.00,SET-0323,0.00,clean
PAY-0324,INV-0324,7251.00,INR,2026-08-14,CAPTURED,0.00,0.00,SET-0324,0.00,clean
PAY-0325,INV-0325,7388.00,INR,2026-08-15,CAPTURED,0.00,0.00,SET-0325,0.00,clean
PAY-0326,INV-0326,7525.00,INR,2026-08-16,CAPTURED,0.00,0.00,SET-0326,0.00,clean
PAY-0327,INV-0327,7662.00,INR,2026-08-17,CAPTURED,0.00,0.00,SET-0327,0.00,clean
PAY-0328,INV-0328,7799.00,INR,2026-08-18,CAPTURED,0.00,0.00,SET-0328,0.00,clean
PAY-0329,INV-0329,7936.00,INR,2026-08-19,CAPTURED,0.00,0.00,SET-0329,0.00,clean
PAY-0330,INV-0330,8073.00,INR,2026-08-20,CAPTURED,0.00,0.00,SET-0330,0.00,clean
PAY-0331,INV-0331,8210.00,INR,2026-08-21,CAPTURED,0.00,0.00,SET-0331,0.00,clean
PAY-0332,INV-0332,8347.00,INR,2026-08-22,CAPTURED,0.00,0.00,SET-0332,0.00,clean
PAY-0333,INV-0333,8484.00,INR,2026-08-23,CAPTURED,0.00,0.00,SET-0333,0.00,clean
PAY-0334,INV-0334,8621.00,INR,2026-08-24,CAPTURED,0.00,0.00,SET-0334,0.00,clean
PAY-0335,INV-0335,8758.00,INR,2026-08-25,CAPTURED,0.00,0.00,SET-0335,0.00,clean
PAY-0336,INV-0336,8895.00,INR,2026-08-26,CAPTURED,0.00,0.00,SET-0336,0.00,clean
PAY-0337,INV-0337,9032.00,INR,2026-08-27,CAPTURED,0.00,0.00,SET-0337,0.00,clean
PAY-0338,INV-0338,9169.00,INR,2026-08-28,CAPTURED,0.00,0.00,SET-0338,0.00,clean
PAY-0339,INV-0339,9306.00,INR,2026-08-29,CAPTURED,0.00,0.00,SET-0339,0.00,clean
PAY-0340,INV-0340,9443.00,INR,2026-08-30,CAPTURED,0.00,0.00,SET-0340,0.00,clean
PAY-0341,INV-0341,9580.00,INR,2026-08-31,CAPTURED,0.00,0.00,SET-0341,0.00,clean
PAY-0342,INV-0342,9717.00,INR,2026-08-01,CAPTURED,0.00,0.00,SET-0342,0.00,clean
PAY-0343,INV-0343,9854.00,INR,2026-08-02,CAPTURED,0.00,0.00,SET-0343,0.00,clean
PAY-0344,INV-0344,9991.00,INR,2026-08-03,CAPTURED,0.00,0.00,SET-0344,0.00,clean
PAY-0345,INV-0345,10128.00,INR,2026-08-04,CAPTURED,0.00,0.00,SET-0345,0.00,clean
PAY-0346,INV-0346,10265.00,INR,2026-08-05,CAPTURED,0.00,0.00,SET-0346,0.00,clean
PAY-0347,INV-0347,10402.00,INR,2026-08-06,CAPTURED,0.00,0.00,SET-0347,0.00,clean
PAY-0348,INV-0348,10539.00,INR,2026-08-07,CAPTURED,0.00,0.00,SET-0348,0.00,clean
PAY-0349,INV-0349,10676.00,INR,2026-08-08,CAPTURED,0.00,0.00,SET-0349,0.00,clean
PAY-0350,INV-0350,10813.00,INR,2026-08-09,CAPTURED,0.00,0.00,SET-0350,0.00,clean
PAY-0351,INV-0351,10950.00,INR,2026-08-10,CAPTURED,0.00,0.00,SET-0351,0.00,clean
PAY-0352,INV-0352,11087.00,INR,2026-08-11,CAPTURED,0.00,0.00,SET-0352,0.00,clean
PAY-0353,INV-0353,11224.00,INR,2026-08-12,CAPTURED,0.00,0.00,SET-0353,0.00,clean
PAY-0354,INV-0354,11361.00,INR,2026-08-13,CAPTURED,0.00,0.00,SET-0354,0.00,clean
PAY-0355,INV-0355,11498.00,INR,2026-08-14,CAPTURED,0.00,0.00,SET-0355,0.00,clean
PAY-0356,INV-0356,11635.00,INR,2026-08-15,CAPTURED,0.00,0.00,SET-0356,0.00,clean
PAY-0357,INV-0357,11772.00,INR,2026-08-16,CAPTURED,0.00,0.00,SET-0357,0.00,clean
PAY-0358,INV-0358,11909.00,INR,2026-08-17,CAPTURED,0.00,0.00,SET-0358,0.00,clean
PAY-0359,INV-0359,12046.00,INR,2026-08-18,CAPTURED,0.00,0.00,SET-0359,0.00,clean
PAY-0360,INV-0360,12183.00,INR,2026-08-19,CAPTURED,0.00,0.00,SET-0360,0.00,clean
PAY-0361,INV-0361,12320.00,INR,2026-08-20,CAPTURED,0.00,0.00,SET-0361,0.00,clean
PAY-0362,INV-0362,12457.00,INR,2026-08-21,CAPTURED,0.00,0.00,SET-0362,0.00,clean
PAY-0363,INV-0363,12594.00,INR,2026-08-22,CAPTURED,0.00,0.00,SET-0363,0.00,clean
PAY-0364,INV-0364,12731.00,INR,2026-08-23,CAPTURED,0.00,0.00,SET-0364,0.00,clean
PAY-0365,INV-0365,12868.00,INR,2026-08-24,CAPTURED,0.00,0.00,SET-0365,0.00,clean
PAY-0366,INV-0366,13005.00,INR,2026-08-25,CAPTURED,0.00,0.00,SET-0366,0.00,clean
PAY-0367,INV-0367,13142.00,INR,2026-08-26,CAPTURED,0.00,0.00,SET-0367,0.00,clean
PAY-0368,INV-0368,13279.00,INR,2026-08-27,CAPTURED,0.00,0.00,SET-0368,0.00,clean
PAY-0369,INV-0369,13416.00,INR,2026-08-28,CAPTURED,0.00,0.00,SET-0369,0.00,clean
PAY-0370,INV-0370,13553.00,INR,2026-08-29,CAPTURED,0.00,0.00,SET-0370,0.00,clean
PAY-0371,INV-0371,13690.00,INR,2026-08-30,CAPTURED,0.00,0.00,SET-0371,0.00,clean
PAY-0372,INV-0372,13827.00,INR,2026-08-31,CAPTURED,0.00,0.00,SET-0372,0.00,clean
PAY-0373,INV-0373,13964.00,INR,2026-08-01,CAPTURED,0.00,0.00,SET-0373,0.00,clean
PAY-0374,INV-0374,14101.00,INR,2026-08-02,CAPTURED,0.00,0.00,SET-0374,0.00,clean
PAY-0375,INV-0375,14238.00,INR,2026-08-03,CAPTURED,0.00,0.00,SET-0375,0.00,clean
PAY-0376,INV-0376,14375.00,INR,2026-08-04,CAPTURED,0.00,0.00,SET-0376,0.00,clean
PAY-0377,INV-0377,14512.00,INR,2026-08-05,CAPTURED,0.00,0.00,SET-0377,0.00,clean
PAY-0378,INV-0378,14649.00,INR,2026-08-06,CAPTURED,0.00,0.00,SET-0378,0.00,clean
PAY-0379,INV-0379,14786.00,INR,2026-08-07,CAPTURED,0.00,0.00,SET-0379,0.00,clean
PAY-0380,INV-0380,14923.00,INR,2026-08-08,CAPTURED,0.00,0.00,SET-0380,0.00,clean
PAY-0381,INV-0381,15060.00,INR,2026-08-09,CAPTURED,0.00,0.00,SET-0381,0.00,clean
PAY-0382,INV-0382,15197.00,INR,2026-08-10,CAPTURED,0.00,0.00,SET-0382,0.00,clean
PAY-0383,INV-0383,15334.00,INR,2026-08-11,CAPTURED,0.00,0.00,SET-0383,0.00,clean
PAY-0384,INV-0384,15471.00,INR,2026-08-12,CAPTURED,0.00,0.00,SET-0384,0.00,clean
PAY-0385,INV-0385,15608.00,INR,2026-08-13,CAPTURED,0.00,0.00,SET-0385,0.00,clean
PAY-0386,INV-0386,15745.00,INR,2026-08-14,CAPTURED,0.00,0.00,SET-0386,0.00,clean
PAY-0387,INV-0387,15882.00,INR,2026-08-15,CAPTURED,0.00,0.00,SET-0387,0.00,clean
PAY-0388,INV-0388,16019.00,INR,2026-08-16,CAPTURED,0.00,0.00,SET-0388,0.00,clean
PAY-0389,INV-0389,16156.00,INR,2026-08-17,CAPTURED,0.00,0.00,SET-0389,0.00,clean
PAY-0390,INV-0390,16293.00,INR,2026-08-18,CAPTURED,0.00,0.00,SET-0390,0.00,clean
PAY-0391,INV-0391,16430.00,INR,2026-08-19,CAPTURED,0.00,0.00,SET-0391,0.00,clean
PAY-0392,INV-0392,16567.00,INR,2026-08-20,CAPTURED,0.00,0.00,SET-0392,0.00,clean
PAY-0393,INV-0393,16704.00,INR,2026-08-21,CAPTURED,0.00,0.00,SET-0393,0.00,clean
PAY-0394,INV-0394,16841.00,INR,2026-08-22,CAPTURED,0.00,0.00,SET-0394,0.00,clean
PAY-0395,INV-0395,16978.00,INR,2026-08-23,CAPTURED,0.00,0.00,SET-0395,0.00,clean
PAY-0396,INV-0396,17115.00,INR,2026-08-24,CAPTURED,0.00,0.00,SET-0396,0.00,clean
PAY-0397,INV-0397,17252.00,INR,2026-08-25,CAPTURED,0.00,0.00,SET-0397,0.00,clean
PAY-0398,INV-0398,17389.00,INR,2026-08-26,CAPTURED,0.00,0.00,SET-0398,0.00,clean
PAY-0399,INV-0399,17526.00,INR,2026-08-27,CAPTURED,0.00,0.00,SET-0399,0.00,clean
PAY-0400,INV-0400,17663.00,INR,2026-08-28,CAPTURED,0.00,0.00,SET-0400,0.00,clean
PAY-0401,INV-0401,17800.00,INR,2026-08-29,CAPTURED,0.00,0.00,SET-0401,0.00,clean
PAY-0402,INV-0402,17937.00,INR,2026-08-30,CAPTURED,0.00,0.00,SET-0402,0.00,clean
PAY-0403,INV-0403,18074.00,INR,2026-08-31,CAPTURED,0.00,0.00,SET-0403,0.00,clean
PAY-0404,INV-0404,18211.00,INR,2026-08-01,CAPTURED,0.00,0.00,SET-0404,0.00,clean
PAY-0405,INV-0405,18348.00,INR,2026-08-02,CAPTURED,0.00,0.00,SET-0405,0.00,clean
PAY-0406,INV-0406,18485.00,INR,2026-08-03,CAPTURED,0.00,0.00,SET-0406,0.00,clean
PAY-0407,INV-0407,18622.00,INR,2026-08-04,CAPTURED,0.00,0.00,SET-0407,0.00,clean
PAY-0408,INV-0408,18759.00,INR,2026-08-05,CAPTURED,0.00,0.00,SET-0408,0.00,clean
PAY-0409,INV-0409,18896.00,INR,2026-08-06,CAPTURED,0.00,0.00,SET-0409,0.00,clean
PAY-0410,INV-0410,19033.00,INR,2026-08-07,CAPTURED,0.00,0.00,SET-0410,0.00,clean
PAY-0411,INV-0411,19170.00,INR,2026-08-08,CAPTURED,0.00,0.00,SET-0411,0.00,clean
PAY-0412,INV-0412,19307.00,INR,2026-08-09,CAPTURED,0.00,0.00,SET-0412,0.00,clean
PAY-0413,INV-0413,19444.00,INR,2026-08-10,CAPTURED,0.00,0.00,SET-0413,0.00,clean
PAY-0414,INV-0414,19581.00,INR,2026-08-11,CAPTURED,0.00,0.00,SET-0414,0.00,clean
PAY-0415,INV-0415,19718.00,INR,2026-08-12,CAPTURED,0.00,0.00,SET-0415,0.00,clean
PAY-0416,INV-0416,19855.00,INR,2026-08-13,CAPTURED,0.00,0.00,SET-0416,0.00,clean
PAY-0417,INV-0417,19992.00,INR,2026-08-14,CAPTURED,0.00,0.00,SET-0417,0.00,clean
PAY-0418,INV-0418,1129.00,INR,2026-08-15,CAPTURED,0.00,0.00,SET-0418,0.00,clean
PAY-0419,INV-0419,1266.00,INR,2026-08-16,CAPTURED,0.00,0.00,SET-0419,0.00,clean
PAY-0420,INV-0420,1403.00,INR,2026-08-17,CAPTURED,0.00,0.00,SET-0420,0.00,clean
PAY-0421,INV-0421,1540.00,INR,2026-08-18,CAPTURED,0.00,0.00,SET-0421,0.00,clean
PAY-0422,INV-0422,1677.00,INR,2026-08-19,CAPTURED,0.00,0.00,SET-0422,0.00,clean
PAY-0423,INV-0423,1814.00,INR,2026-08-20,CAPTURED,0.00,0.00,SET-0423,0.00,clean
PAY-0424,INV-0424,1951.00,INR,2026-08-21,CAPTURED,0.00,0.00,SET-0424,0.00,clean
PAY-0425,INV-0425,2088.00,INR,2026-08-22,CAPTURED,0.00,0.00,SET-0425,0.00,clean
PAY-0426,INV-0426,2225.00,INR,2026-08-23,CAPTURED,0.00,0.00,SET-0426,0.00,clean
PAY-0427,INV-0427,2362.00,INR,2026-08-24,CAPTURED,0.00,0.00,SET-0427,0.00,clean
PAY-0428,INV-0428,2499.00,INR,2026-08-25,CAPTURED,0.00,0.00,SET-0428,0.00,clean
PAY-0429,INV-0429,2636.00,INR,2026-08-26,CAPTURED,0.00,0.00,SET-0429,0.00,clean
PAY-0430,INV-0430,2773.00,INR,2026-08-27,CAPTURED,0.00,0.00,SET-0430,0.00,clean
PAY-0431,INV-0431,2910.00,INR,2026-08-28,CAPTURED,0.00,0.00,SET-0431,0.00,clean
PAY-0432,INV-0432,3047.00,INR,2026-08-29,CAPTURED,0.00,0.00,SET-0432,0.00,clean
PAY-0433,INV-0433,3184.00,INR,2026-08-30,CAPTURED,0.00,0.00,SET-0433,0.00,clean
PAY-0434,INV-0434,3321.00,INR,2026-08-31,CAPTURED,0.00,0.00,SET-0434,0.00,clean
PAY-0435,INV-0435,3458.00,INR,2026-08-01,CAPTURED,0.00,0.00,SET-0435,0.00,clean
PAY-0436,INV-0436,3595.00,INR,2026-08-02,CAPTURED,0.00,0.00,SET-0436,0.00,clean
PAY-0437,INV-0437,3732.00,INR,2026-08-03,CAPTURED,0.00,0.00,SET-0437,0.00,clean
PAY-0438,INV-0438,3869.00,INR,2026-08-04,CAPTURED,0.00,0.00,SET-0438,0.00,clean
PAY-0439,INV-0439,4006.00,INR,2026-08-05,CAPTURED,0.00,0.00,SET-0439,0.00,clean
PAY-0440,INV-0440,4143.00,INR,2026-08-06,CAPTURED,0.00,0.00,SET-0440,0.00,clean
PAY-0441,INV-0441,4280.00,INR,2026-08-07,CAPTURED,0.00,0.00,SET-0441,0.00,clean
PAY-0442,INV-0442,4417.00,INR,2026-08-08,CAPTURED,0.00,0.00,SET-0442,0.00,clean
PAY-0443,INV-0443,4554.00,INR,2026-08-09,CAPTURED,0.00,0.00,SET-0443,0.00,clean
PAY-0444,INV-0444,4691.00,INR,2026-08-10,CAPTURED,0.00,0.00,SET-0444,0.00,clean
PAY-0445,INV-0445,4828.00,INR,2026-08-11,CAPTURED,0.00,0.00,SET-0445,0.00,clean
PAY-0446,INV-0446,4965.00,INR,2026-08-12,CAPTURED,0.00,0.00,SET-0446,0.00,clean
PAY-0447,INV-0447,5102.00,INR,2026-08-13,CAPTURED,0.00,0.00,SET-0447,0.00,clean
PAY-0448,INV-0448,5239.00,INR,2026-08-14,CAPTURED,0.00,0.00,SET-0448,0.00,clean
PAY-0449,INV-0449,5376.00,INR,2026-08-15,CAPTURED,0.00,0.00,SET-0449,0.00,clean
PAY-0450,INV-0450,5513.00,INR,2026-08-16,CAPTURED,0.00,0.00,SET-0450,0.00,clean
PAY-0451,INV-0451,5650.00,INR,2026-08-17,CAPTURED,0.00,0.00,SET-0451,0.00,clean
PAY-0452,INV-0452,5787.00,INR,2026-08-18,CAPTURED,0.00,0.00,SET-0452,0.00,clean
PAY-0453,INV-0453,5924.00,INR,2026-08-19,CAPTURED,0.00,0.00,SET-0453,0.00,clean
PAY-0454,INV-0454,6061.00,INR,2026-08-20,CAPTURED,0.00,0.00,SET-0454,0.00,clean
PAY-0455,INV-0455,6198.00,INR,2026-08-21,CAPTURED,0.00,0.00,SET-0455,0.00,clean
PAY-0456,INV-0456,6335.00,INR,2026-08-22,CAPTURED,0.00,0.00,SET-0456,0.00,clean
PAY-0457,INV-0457,6472.00,INR,2026-08-23,CAPTURED,0.00,0.00,SET-0457,0.00,clean
PAY-0458,INV-0458,6609.00,INR,2026-08-24,CAPTURED,0.00,0.00,SET-0458,0.00,clean
PAY-0459,INV-0459,6746.00,INR,2026-08-25,CAPTURED,0.00,0.00,SET-0459,0.00,clean
PAY-0460,INV-0460,6883.00,INR,2026-08-26,CAPTURED,0.00,0.00,SET-0460,0.00,clean
PAY-0461,INV-0461,7020.00,INR,2026-08-27,CAPTURED,0.00,0.00,SET-0461,0.00,clean
PAY-0462,INV-0462,7157.00,INR,2026-08-28,CAPTURED,0.00,0.00,SET-0462,0.00,clean
PAY-0463,INV-0463,7294.00,INR,2026-08-29,CAPTURED,0.00,0.00,SET-0463,0.00,clean
PAY-0464,INV-0464,7431.00,INR,2026-08-30,CAPTURED,0.00,0.00,SET-0464,0.00,clean
PAY-0465,INV-0465,7568.00,INR,2026-08-31,CAPTURED,0.00,0.00,SET-0465,0.00,clean
PAY-0466,INV-0466,7705.00,INR,2026-08-01,CAPTURED,0.00,0.00,SET-0466,0.00,clean
PAY-0467,INV-0467,7842.00,INR,2026-08-02,CAPTURED,0.00,0.00,SET-0467,0.00,clean
PAY-0468,INV-0468,7979.00,INR,2026-08-03,CAPTURED,0.00,0.00,SET-0468,0.00,clean
PAY-0469,INV-0469,8116.00,INR,2026-08-04,CAPTURED,0.00,0.00,SET-0469,0.00,clean
PAY-0470,INV-0470,8253.00,INR,2026-08-05,CAPTURED,0.00,0.00,SET-0470,0.00,clean
PAY-0471,INV-0471,8390.00,INR,2026-08-06,CAPTURED,0.00,0.00,SET-0471,0.00,clean
PAY-0472,INV-0472,8527.00,INR,2026-08-07,CAPTURED,0.00,0.00,SET-0472,0.00,clean
PAY-0473,INV-0473,8664.00,INR,2026-08-08,CAPTURED,0.00,0.00,SET-0473,0.00,clean
PAY-0474,INV-0474,8801.00,INR,2026-08-09,CAPTURED,0.00,0.00,SET-0474,0.00,clean
PAY-0475,INV-0475,8938.00,INR,2026-08-10,CAPTURED,0.00,0.00,SET-0475,0.00,clean
PAY-0476,INV-0476,9075.00,INR,2026-08-11,CAPTURED,0.00,0.00,SET-0476,0.00,clean
PAY-0477,INV-0477,9212.00,INR,2026-08-12,CAPTURED,0.00,0.00,SET-0477,0.00,clean
PAY-0478,INV-0478,9349.00,INR,2026-08-13,CAPTURED,0.00,0.00,SET-0478,0.00,clean
PAY-0479,INV-0479,9486.00,INR,2026-08-14,CAPTURED,0.00,0.00,SET-0479,0.00,clean
PAY-0480,INV-0480,9623.00,INR,2026-08-15,CAPTURED,0.00,0.00,SET-0480,0.00,clean
PAY-0481,INV-0481,9760.00,INR,2026-08-16,CAPTURED,0.00,0.00,SET-0481,0.00,clean
PAY-0482,INV-0482,9897.00,INR,2026-08-17,CAPTURED,0.00,0.00,SET-0482,0.00,clean
PAY-0483,INV-0483,10034.00,INR,2026-08-18,CAPTURED,0.00,0.00,SET-0483,0.00,clean
PAY-0484,INV-0484,10171.00,INR,2026-08-19,CAPTURED,0.00,0.00,SET-0484,0.00,clean
PAY-0485,INV-0485,10308.00,INR,2026-08-20,CAPTURED,0.00,0.00,SET-0485,0.00,clean
PAY-0486,INV-0486,10445.00,INR,2026-08-21,CAPTURED,0.00,0.00,SET-0486,0.00,clean
PAY-0487,INV-0487,10582.00,INR,2026-08-22,CAPTURED,0.00,0.00,SET-0487,0.00,clean
PAY-0488,INV-0488,10719.00,INR,2026-08-23,CAPTURED,0.00,0.00,SET-0488,0.00,clean
PAY-0489,INV-0489,10856.00,INR,2026-08-24,CAPTURED,0.00,0.00,SET-0489,0.00,clean
PAY-0490,INV-0490,10993.00,INR,2026-08-25,CAPTURED,0.00,0.00,SET-0490,0.00,clean
PAY-0491,INV-0491,11130.00,INR,2026-08-26,CAPTURED,0.00,0.00,SET-0491,0.00,clean
PAY-0492,INV-0492,11267.00,INR,2026-08-27,CAPTURED,0.00,0.00,SET-0492,0.00,clean
PAY-0493,INV-0493,11404.00,INR,2026-08-28,CAPTURED,0.00,0.00,SET-0493,0.00,clean
PAY-0494,INV-0494,11541.00,INR,2026-08-29,CAPTURED,0.00,0.00,SET-0494,0.00,clean
PAY-0495,INV-0495,11678.00,INR,2026-08-30,CAPTURED,0.00,0.00,SET-0495,0.00,clean
PAY-0496,INV-0496,11815.00,INR,2026-08-31,CAPTURED,0.00,0.00,SET-0496,0.00,clean
PAY-0497,INV-0497,11952.00,INR,2026-08-01,CAPTURED,0.00,0.00,SET-0497,0.00,clean
PAY-0498,INV-0498,12089.00,INR,2026-08-02,CAPTURED,0.00,0.00,SET-0498,0.00,clean
PAY-0499,INV-0499,12226.00,INR,2026-08-03,CAPTURED,0.00,0.00,SET-0499,0.00,clean
PAY-0500,INV-0500,12363.00,INR,2026-08-04,CAPTURED,0.00,0.00,SET-0500,0.00,clean
PAY-0501,INV-0501,12500.00,INR,2026-08-05,CAPTURED,0.00,0.00,SET-0501,0.00,clean
PAY-0502,INV-0502,12637.00,INR,2026-08-06,CAPTURED,0.00,0.00,SET-0502,0.00,clean
PAY-0503,INV-0503,12774.00,INR,2026-08-07,CAPTURED,0.00,0.00,SET-0503,0.00,clean
PAY-0504,INV-0504,12911.00,INR,2026-08-08,CAPTURED,0.00,0.00,SET-0504,0.00,clean
PAY-0505,INV-0505,13048.00,INR,2026-08-09,CAPTURED,391.44,0.03,SET-0505,0.00,gateway_fee
PAY-0506,INV-0506,13185.00,INR,2026-08-10,CAPTURED,0.00,0.03,SET-0506,3296.25,refund
PAY-0507,INV-0507,13322.00,INR,2026-08-11,CAPTURED,399.66,0.03,SET-0507,0.00,timing_difference
PAY-0508,INV-0508,13459.00,INR,2026-08-12,CAPTURED,403.77,0.03,SET-0508,403.77,ambiguous
PAY-0509,INV-0509,13596.00,INR,2026-08-13,CAPTURED,0.00,0.03,SET-0509,0.00,unknown_other
PAY-0510,INV-0510,13733.00,INR,2026-08-14,CAPTURED,411.99,0.03,SET-0510,0.00,gateway_fee
PAY-0511,INV-0511,13870.00,INR,2026-08-15,CAPTURED,0.00,0.03,SET-0511,3467.50,refund
PAY-0512,INV-0512,14007.00,INR,2026-08-16,CAPTURED,420.21,0.03,SET-0512,0.00,timing_difference
PAY-0513,INV-0513,14144.00,INR,2026-08-17,CAPTURED,424.32,0.03,SET-0513,424.32,ambiguous
PAY-0514,INV-0514,14281.00,INR,2026-08-18,CAPTURED,0.00,0.03,SET-0514,0.00,unknown_other
PAY-0515,INV-0515,14418.00,INR,2026-08-19,CAPTURED,432.54,0.03,SET-0515,0.00,gateway_fee
PAY-0516,INV-0516,14555.00,INR,2026-08-20,CAPTURED,0.00,0.03,SET-0516,3638.75,refund
PAY-0517,INV-0517,14692.00,INR,2026-08-21,CAPTURED,440.76,0.03,SET-0517,0.00,timing_difference
PAY-0518,INV-0518,14829.00,INR,2026-08-22,CAPTURED,444.87,0.03,SET-0518,444.87,ambiguous
PAY-0519,INV-0519,14966.00,INR,2026-08-23,CAPTURED,0.00,0.03,SET-0519,0.00,unknown_other
PAY-0520,INV-0520,15103.00,INR,2026-08-24,CAPTURED,453.09,0.03,SET-0520,0.00,gateway_fee
PAY-0521,INV-0521,15240.00,INR,2026-08-25,CAPTURED,0.00,0.03,SET-0521,3810.00,refund
PAY-0522,INV-0522,15377.00,INR,2026-08-26,CAPTURED,461.31,0.03,SET-0522,0.00,timing_difference
PAY-0523,INV-0523,15514.00,INR,2026-08-27,CAPTURED,465.42,0.03,SET-0523,465.42,ambiguous
PAY-0524,INV-0524,15651.00,INR,2026-08-28,CAPTURED,0.00,0.03,SET-0524,0.00,unknown_other
PAY-0525,INV-0525,15788.00,INR,2026-08-29,CAPTURED,473.64,0.03,SET-0525,0.00,gateway_fee
PAY-0526,INV-0526,15925.00,INR,2026-08-30,CAPTURED,0.00,0.03,SET-0526,3981.25,refund
PAY-0527,INV-0527,16062.00,INR,2026-08-31,CAPTURED,481.86,0.03,SET-0527,0.00,timing_difference
PAY-0528,INV-0528,16199.00,INR,2026-08-01,CAPTURED,485.97,0.03,SET-0528,485.97,ambiguous
PAY-0529,INV-0529,16336.00,INR,2026-08-02,CAPTURED,0.00,0.03,SET-0529,0.00,unknown_other
PAY-0530,INV-0530,16473.00,INR,2026-08-03,CAPTURED,494.19,0.03,SET-0530,0.00,gateway_fee
PAY-0531,INV-0531,16610.00,INR,2026-08-04,CAPTURED,0.00,0.03,SET-0531,4152.50,refund
PAY-0532,INV-0532,16747.00,INR,2026-08-05,CAPTURED,502.41,0.03,SET-0532,0.00,timing_difference
PAY-0533,INV-0533,16884.00,INR,2026-08-06,CAPTURED,506.52,0.03,SET-0533,506.52,ambiguous
PAY-0534,INV-0534,17021.00,INR,2026-08-07,CAPTURED,0.00,0.03,SET-0534,0.00,unknown_other
PAY-0535,INV-0535,17158.00,INR,2026-08-08,CAPTURED,514.74,0.03,SET-0535,0.00,gateway_fee
PAY-0536,INV-0536,17295.00,INR,2026-08-09,CAPTURED,0.00,0.03,SET-0536,4323.75,refund
PAY-0537,INV-0537,17432.00,INR,2026-08-10,CAPTURED,522.96,0.03,SET-0537,0.00,timing_difference
PAY-0538,INV-0538,17569.00,INR,2026-08-11,CAPTURED,527.07,0.03,SET-0538,527.07,ambiguous
PAY-0539,INV-0539,17706.00,INR,2026-08-12,CAPTURED,0.00,0.03,SET-0539,0.00,unknown_other
PAY-0540,INV-0540,17843.00,INR,2026-08-13,CAPTURED,535.29,0.03,SET-0540,0.00,gateway_fee
PAY-0541,INV-0541,17980.00,INR,2026-08-14,CAPTURED,0.00,0.03,SET-0541,4495.00,refund
PAY-0542,INV-0542,18117.00,INR,2026-08-15,CAPTURED,543.51,0.03,SET-0542,0.00,timing_difference
PAY-0543,INV-0543,18254.00,INR,2026-08-16,CAPTURED,547.62,0.03,SET-0543,547.62,ambiguous
PAY-0544,INV-0544,18391.00,INR,2026-08-17,CAPTURED,0.00,0.03,SET-0544,0.00,unknown_other
PAY-0545,INV-0545,18528.00,INR,2026-08-18,CAPTURED,555.84,0.03,SET-0545,0.00,gateway_fee
PAY-0546,INV-0546,18665.00,INR,2026-08-19,CAPTURED,0.00,0.03,SET-0546,4666.25,refund
PAY-0547,INV-0547,18802.00,INR,2026-08-20,CAPTURED,564.06,0.03,SET-0547,0.00,timing_difference
PAY-0548,INV-0548,18939.00,INR,2026-08-21,CAPTURED,568.17,0.03,SET-0548,568.17,ambiguous
PAY-0549,INV-0549,19076.00,INR,2026-08-22,CAPTURED,0.00,0.03,SET-0549,0.00,unknown_other
PAY-0550,INV-0550,19213.00,INR,2026-08-23,CAPTURED,576.39,0.03,SET-0550,0.00,gateway_fee
PAY-0551,INV-0551,19350.00,INR,2026-08-24,CAPTURED,0.00,0.03,SET-0551,4837.50,refund
PAY-0552,INV-0552,19487.00,INR,2026-08-25,CAPTURED,584.61,0.03,SET-0552,0.00,timing_difference
PAY-0553,INV-0553,19624.00,INR,2026-08-26,CAPTURED,588.72,0.03,SET-0553,588.72,ambiguous
PAY-0554,INV-0554,19761.00,INR,2026-08-27,CAPTURED,0.00,0.03,SET-0554,0.00,unknown_other
PAY-0555,INV-0555,19898.00,INR,2026-08-28,CAPTURED,596.94,0.03,SET-0555,0.00,gateway_fee
PAY-0556,INV-0556,1035.00,INR,2026-08-29,CAPTURED,0.00,0.03,SET-0556,258.75,refund
PAY-0557,INV-0557,1172.00,INR,2026-08-30,CAPTURED,35.16,0.03,SET-0557,0.00,timing_difference
PAY-0558,INV-0558,1309.00,INR,2026-08-31,CAPTURED,39.27,0.03,SET-0558,39.27,ambiguous
PAY-0559,INV-0559,1446.00,INR,2026-08-01,CAPTURED,0.00,0.03,SET-0559,0.00,unknown_other
PAY-0560,INV-0560,1583.00,INR,2026-08-02,CAPTURED,47.49,0.03,SET-0560,0.00,gateway_fee
PAY-0561,INV-0561,1720.00,INR,2026-08-03,CAPTURED,0.00,0.03,SET-0561,430.00,refund
PAY-0562,INV-0562,1857.00,INR,2026-08-04,CAPTURED,55.71,0.03,SET-0562,0.00,timing_difference
PAY-0563,INV-0563,1994.00,INR,2026-08-05,CAPTURED,59.82,0.03,SET-0563,59.82,ambiguous
PAY-0564,INV-0564,2131.00,INR,2026-08-06,CAPTURED,0.00,0.03,SET-0564,0.00,unknown_other
PAY-0565,INV-0565,2268.00,INR,2026-08-07,CAPTURED,68.04,0.03,SET-0565,0.00,gateway_fee
PAY-0566,INV-0566,2405.00,INR,2026-08-08,CAPTURED,0.00,0.03,SET-0566,601.25,refund
PAY-0567,INV-0567,2542.00,INR,2026-08-09,CAPTURED,76.26,0.03,SET-0567,0.00,timing_difference
PAY-0568,INV-0568,2679.00,INR,2026-08-10,CAPTURED,80.37,0.03,SET-0568,80.37,ambiguous
PAY-0569,INV-0569,2816.00,INR,2026-08-11,CAPTURED,0.00,0.03,SET-0569,0.00,unknown_other
PAY-0570,INV-0570,2953.00,INR,2026-08-12,CAPTURED,88.59,0.03,SET-0570,0.00,gateway_fee
PAY-0571,INV-0571,3090.00,INR,2026-08-13,CAPTURED,0.00,0.03,SET-0571,772.50,refund
PAY-0572,INV-0572,3227.00,INR,2026-08-14,CAPTURED,96.81,0.03,SET-0572,0.00,timing_difference
PAY-0573,INV-0573,3364.00,INR,2026-08-15,CAPTURED,100.92,0.03,SET-0573,100.92,ambiguous
PAY-0574,INV-0574,3501.00,INR,2026-08-16,CAPTURED,0.00,0.03,SET-0574,0.00,unknown_other
PAY-0575,INV-0575,3638.00,INR,2026-08-17,CAPTURED,109.14,0.03,SET-0575,0.00,gateway_fee
PAY-0576,INV-0576,3775.00,INR,2026-08-18,CAPTURED,0.00,0.03,SET-0576,943.75,refund
PAY-0577,INV-0577,3912.00,INR,2026-08-19,CAPTURED,117.36,0.03,SET-0577,0.00,timing_difference
PAY-0578,INV-0578,4049.00,INR,2026-08-20,CAPTURED,121.47,0.03,SET-0578,121.47,ambiguous
PAY-0579,INV-0579,4186.00,INR,2026-08-21,CAPTURED,0.00,0.03,SET-0579,0.00,unknown_other
PAY-0580,INV-0580,4323.00,INR,2026-08-22,CAPTURED,129.69,0.03,SET-0580,0.00,gateway_fee
PAY-0581,INV-0581,4460.00,INR,2026-08-23,CAPTURED,0.00,0.03,SET-0581,1115.00,refund
PAY-0582,INV-0582,4597.00,INR,2026-08-24,CAPTURED,137.91,0.03,SET-0582,0.00,timing_difference
PAY-0583,INV-0583,4734.00,INR,2026-08-25,CAPTURED,142.02,0.03,SET-0583,142.02,ambiguous
PAY-0584,INV-0584,4871.00,INR,2026-08-26,CAPTURED,0.00,0.03,SET-0584,0.00,unknown_other
PAY-0585,INV-0585,5008.00,INR,2026-08-27,CAPTURED,150.24,0.03,SET-0585,0.00,gateway_fee
PAY-0586,INV-0586,5145.00,INR,2026-08-28,CAPTURED,0.00,0.03,SET-0586,1286.25,refund
PAY-0587,INV-0587,5282.00,INR,2026-08-29,CAPTURED,158.46,0.03,SET-0587,0.00,timing_difference
PAY-0588,INV-0588,5419.00,INR,2026-08-30,CAPTURED,162.57,0.03,SET-0588,162.57,ambiguous
PAY-0589,INV-0589,5556.00,INR,2026-08-31,CAPTURED,0.00,0.03,SET-0589,0.00,unknown_other
PAY-0590,INV-0590,5693.00,INR,2026-08-01,CAPTURED,170.79,0.03,SET-0590,0.00,gateway_fee
PAY-0591,INV-0591,5830.00,INR,2026-08-02,CAPTURED,0.00,0.03,SET-0591,1457.50,refund
PAY-0592,INV-0592,5967.00,INR,2026-08-03,CAPTURED,179.01,0.03,SET-0592,0.00,timing_difference
PAY-0593,INV-0593,6104.00,INR,2026-08-04,CAPTURED,183.12,0.03,SET-0593,183.12,ambiguous
PAY-0594,INV-0594,6241.00,INR,2026-08-05,CAPTURED,0.00,0.03,SET-0594,0.00,unknown_other
PAY-0595,INV-0595,6378.00,INR,2026-08-06,CAPTURED,191.34,0.03,SET-0595,0.00,gateway_fee
PAY-0596,INV-0596,6515.00,INR,2026-08-07,CAPTURED,0.00,0.03,SET-0596,1628.75,refund
PAY-0597,INV-0597,6652.00,INR,2026-08-08,CAPTURED,199.56,0.03,SET-0597,0.00,timing_difference
PAY-0598,INV-0598,6789.00,INR,2026-08-09,CAPTURED,203.67,0.03,SET-0598,203.67,ambiguous
PAY-0599,INV-0599,6926.00,INR,2026-08-10,CAPTURED,0.00,0.03,SET-0599,0.00,unknown_other
PAY-0600,INV-0600,7063.00,INR,2026-08-11,CAPTURED,211.89,0.03,SET-0600,0.00,gateway_fee
